,layer,level,ClassName,class,metric,value,SiteName,size,plot_id,percentage_inside
70,1,class,Bare Land,20,pland,0.028665616,Leadmine Mountain,2000,1,100.0034875
71,1,class,Bare Land,20,pland,0.174247982,Leadmine Mountain,2500,1,100.0258474
72,1,class,Bare Land,20,pland,0.14021223,Leadmine Mountain,3000,1,99.9541172
159,1,class,Bare Land,20,pland,0.229621125,Braod Meadow Brook,500,2,99.87448772
160,1,class,Bare Land,20,pland,0.487245629,Braod Meadow Brook,1000,2,100.0178208
161,1,class,Bare Land,20,pland,0.73932441,Braod Meadow Brook,1500,2,99.95093202
162,1,class,Bare Land,20,pland,1.462155963,Braod Meadow Brook,2000,2,99.98915418
163,1,class,Bare Land,20,pland,0.999679002,Braod Meadow Brook,2500,2,100.0212608
164,1,class,Bare Land,20,pland,0.739065337,Braod Meadow Brook,3000,2,99.985969
250,1,class,Bare Land,20,pland,0.085935262,Burncoat Pond,1000,3,100.075154
251,1,class,Bare Land,20,pland,0.394653087,Burncoat Pond,1500,3,100.0783392
252,1,class,Bare Land,20,pland,0.29390681,Burncoat Pond,2000,3,99.97482087
253,1,class,Bare Land,20,pland,0.293497203,Burncoat Pond,2500,3,100.0166741
254,1,class,Bare Land,20,pland,0.27711419,Burncoat Pond,3000,3,99.99870972
347,1,class,Bare Land,20,pland,0.028669725,Pierpoint Meadow,1000,4,99.98915418
348,1,class,Bare Land,20,pland,0.089160616,Pierpoint Meadow,1500,4,100.0273763
349,1,class,Bare Land,20,pland,0.910590091,Pierpoint Meadow,2000,4,99.95332091
350,1,class,Bare Land,20,pland,1.20592416,Pierpoint Meadow,2500,4,100.0304341
351,1,class,Bare Land,20,pland,1.130753305,Pierpoint Meadow,3000,4,99.99870972
423,1,class,Bare Land,20,pland,0.089115213,Rutland Brook,1500,5,100.0783392
424,1,class,Bare Land,20,pland,0.207706632,Rutland Brook,2000,5,100.0608207
425,1,class,Bare Land,20,pland,0.238641579,Rutland Brook,2500,5,99.94328759
426,1,class,Bare Land,20,pland,0.254720285,Rutland Brook,3000,5,100.0369319
515,1,class,Bare Land,20,pland,1.203438395,Cooks Canyon,1000,6,100.0464874
516,1,class,Bare Land,20,pland,0.802445548,Cooks Canyon,1500,6,100.0273763
517,1,class,Bare Land,20,pland,0.48021789,Cooks Canyon,2000,6,99.98915418
518,1,class,Bare Land,20,pland,0.353130016,Cooks Canyon,2500,6,100.0120875
519,1,class,Bare Land,20,pland,0.713421237,Cooks Canyon,3000,6,100.0082653
607,1,class,Bare Land,20,pland,0.143225437,Eagle Lake,1000,7,100.075154
608,1,class,Bare Land,20,pland,0.433176201,Eagle Lake,1500,7,100.0018949
609,1,class,Bare Land,20,pland,2.035842294,Eagle Lake,2000,7,99.97482087
610,1,class,Bare Land,20,pland,1.737974045,Eagle Lake,2500,7,100.0212608
611,1,class,Bare Land,20,pland,1.318807339,Eagle Lake,3000,7,99.98915418
694,1,class,Bare Land,20,pland,0.114514744,Wachusett Meadow,1000,8,100.1324873
695,1,class,Bare Land,20,pland,0.050994391,Wachusett Meadow,1500,8,99.93819131
696,1,class,Bare Land,20,pland,0.064516129,Wachusett Meadow,2000,8,99.97482087
697,1,class,Bare Land,20,pland,0.091726289,Wachusett Meadow,2500,8,100.0075008
698,1,class,Bare Land,20,pland,0.066891763,Wachusett Meadow,3000,8,99.99552454
784,1,class,Bare Land,20,pland,0.028686173,Lake Wampanoag,1000,9,99.93182095
785,1,class,Bare Land,20,pland,0.114708132,Lake Wampanoag,1500,9,99.96367274
786,1,class,Bare Land,20,pland,0.114687119,Lake Wampanoag,2000,9,99.98198752
787,1,class,Bare Land,20,pland,0.233891309,Lake Wampanoag,2500,9,100.0120875
788,1,class,Bare Land,20,pland,0.280370854,Lake Wampanoag,3000,9,99.97322828
872,1,class,Bare Land,20,pland,0.057388809,Flat Rocks,1000,10,99.90315433
873,1,class,Bare Land,20,pland,0.127307447,Flat Rocks,1500,10,100.0783392
874,1,class,Bare Land,20,pland,0.150408251,Flat Rocks,2000,10,100.0608207
875,1,class,Bare Land,20,pland,0.192775508,Flat Rocks,2500,10,99.92952762
876,1,class,Bare Land,20,pland,0.168752189,Flat Rocks,3000,10,100.0369319
966,1,class,Bare Land,20,pland,0.050981392,Lincoln Woods,1500,11,99.96367274
967,1,class,Bare Land,20,pland,0.12899527,Lincoln Woods,2000,11,100.0034875
968,1,class,Bare Land,20,pland,0.220112808,Lincoln Woods,2500,11,100.0212608
969,1,class,Bare Land,20,pland,0.267635251,Lincoln Woods,3000,11,99.9700431
19,1,class,Cultivated Crops,6,pland,0.777070064,Leadmine Mountain,1500,1,100.0146356
20,1,class,Cultivated Crops,6,pland,0.924466103,Leadmine Mountain,2000,1,100.0034875
21,1,class,Cultivated Crops,6,pland,0.848312546,Leadmine Mountain,2500,1,100.0258474
22,1,class,Cultivated Crops,6,pland,0.599088621,Leadmine Mountain,3000,1,99.9541172
103,1,class,Cultivated Crops,6,pland,0.45924225,Braod Meadow Brook,500,2,99.87448772
104,1,class,Cultivated Crops,6,pland,0.888506735,Braod Meadow Brook,1000,2,100.0178208
105,1,class,Cultivated Crops,6,pland,0.586360739,Braod Meadow Brook,1500,2,99.95093202
106,1,class,Cultivated Crops,6,pland,0.946100917,Braod Meadow Brook,2000,2,99.98915418
107,1,class,Cultivated Crops,6,pland,0.619067272,Braod Meadow Brook,2500,2,100.0212608
108,1,class,Cultivated Crops,6,pland,0.439616451,Braod Meadow Brook,3000,2,99.985969
192,1,class,Cultivated Crops,6,pland,0.257805786,Burncoat Pond,1000,3,100.075154
193,1,class,Cultivated Crops,6,pland,0.560152769,Burncoat Pond,1500,3,100.0783392
194,1,class,Cultivated Crops,6,pland,0.594982079,Burncoat Pond,2000,3,99.97482087
195,1,class,Cultivated Crops,6,pland,0.426488123,Burncoat Pond,2500,3,100.0166741
196,1,class,Cultivated Crops,6,pland,0.33126294,Burncoat Pond,3000,3,99.99870972
288,1,class,Cultivated Crops,6,pland,0.200688073,Pierpoint Meadow,1000,4,99.98915418
289,1,class,Cultivated Crops,6,pland,0.292956311,Pierpoint Meadow,1500,4,100.0273763
290,1,class,Cultivated Crops,6,pland,0.752850075,Pierpoint Meadow,2000,4,99.95332091
291,1,class,Cultivated Crops,6,pland,0.651107341,Pierpoint Meadow,2500,4,100.0304341
292,1,class,Cultivated Crops,6,pland,0.563784042,Pierpoint Meadow,3000,4,99.99870972
368,1,class,Cultivated Crops,6,pland,0.101845958,Rutland Brook,1500,5,100.0783392
369,1,class,Cultivated Crops,6,pland,0.372439479,Rutland Brook,2000,5,100.0608207
370,1,class,Cultivated Crops,6,pland,0.357962368,Rutland Brook,2500,5,99.94328759
371,1,class,Cultivated Crops,6,pland,0.334320374,Rutland Brook,3000,5,100.0369319
458,1,class,Cultivated Crops,6,pland,1.203438395,Cooks Canyon,1000,6,100.0464874
459,1,class,Cultivated Crops,6,pland,1.719526175,Cooks Canyon,1500,6,100.0273763
460,1,class,Cultivated Crops,6,pland,1.153956422,Cooks Canyon,2000,6,99.98915418
461,1,class,Cultivated Crops,6,pland,1.242834212,Cooks Canyon,2500,6,100.0120875
462,1,class,Cultivated Crops,6,pland,0.993693866,Cooks Canyon,3000,6,100.0082653
550,1,class,Cultivated Crops,6,pland,0.152885718,Eagle Lake,1500,7,100.0018949
551,1,class,Cultivated Crops,6,pland,0.100358423,Eagle Lake,2000,7,99.97482087
552,1,class,Cultivated Crops,6,pland,0.068785252,Eagle Lake,2500,7,100.0212608
553,1,class,Cultivated Crops,6,pland,0.130606524,Eagle Lake,3000,7,99.98915418
638,1,class,Cultivated Crops,6,pland,0.229029488,Wachusett Meadow,1000,8,100.1324873
639,1,class,Cultivated Crops,6,pland,0.407955125,Wachusett Meadow,1500,8,99.93819131
640,1,class,Cultivated Crops,6,pland,0.29390681,Wachusett Meadow,2000,8,99.97482087
641,1,class,Cultivated Crops,6,pland,0.215556779,Wachusett Meadow,2500,8,100.0075008
642,1,class,Cultivated Crops,6,pland,0.232528509,Wachusett Meadow,3000,8,99.99552454
727,1,class,Cultivated Crops,6,pland,0.200803213,Lake Wampanoag,1000,9,99.93182095
728,1,class,Cultivated Crops,6,pland,0.356869743,Lake Wampanoag,1500,9,99.96367274
729,1,class,Cultivated Crops,6,pland,0.351229303,Lake Wampanoag,2000,9,99.98198752
730,1,class,Cultivated Crops,6,pland,0.265994038,Lake Wampanoag,2500,9,100.0120875
731,1,class,Cultivated Crops,6,pland,0.238952433,Lake Wampanoag,3000,9,99.97322828
816,1,class,Cultivated Crops,6,pland,0.114576703,Flat Rocks,1500,10,100.0783392
817,1,class,Cultivated Crops,6,pland,0.171895144,Flat Rocks,2000,10,100.0608207
818,1,class,Cultivated Crops,6,pland,0.156056364,Flat Rocks,2500,10,99.92952762
819,1,class,Cultivated Crops,6,pland,0.136912153,Flat Rocks,3000,10,100.0369319
910,1,class,Cultivated Crops,6,pland,0.089217436,Lincoln Woods,1500,11,99.96367274
911,1,class,Cultivated Crops,6,pland,0.207825713,Lincoln Woods,2000,11,100.0034875
912,1,class,Cultivated Crops,6,pland,0.178841656,Lincoln Woods,2500,11,100.0212608
913,1,class,Cultivated Crops,6,pland,0.238960046,Lincoln Woods,3000,11,99.9700431
31,1,class,Deciduous Forest,9,pland,56.55172414,Leadmine Mountain,500,1,99.75982125
32,1,class,Deciduous Forest,9,pland,56.27866972,Leadmine Mountain,1000,1,99.98915418
33,1,class,Deciduous Forest,9,pland,49.71974522,Leadmine Mountain,1500,1,100.0146356
34,1,class,Deciduous Forest,9,pland,45.98681382,Leadmine Mountain,2000,1,100.0034875
35,1,class,Deciduous Forest,9,pland,44.42406456,Leadmine Mountain,2500,1,100.0258474
36,1,class,Deciduous Forest,9,pland,40.86549186,Leadmine Mountain,3000,1,99.9541172
119,1,class,Deciduous Forest,9,pland,78.98966705,Braod Meadow Brook,500,2,99.87448772
120,1,class,Deciduous Forest,9,pland,46.97621095,Braod Meadow Brook,1000,2,100.0178208
121,1,class,Deciduous Forest,9,pland,33.57552581,Braod Meadow Brook,1500,2,99.95093202
122,1,class,Deciduous Forest,9,pland,28.57654817,Braod Meadow Brook,2000,2,99.98915418
123,1,class,Deciduous Forest,9,pland,23.38240015,Braod Meadow Brook,2500,2,100.0212608
124,1,class,Deciduous Forest,9,pland,22.85049855,Braod Meadow Brook,3000,2,99.985969
209,1,class,Deciduous Forest,9,pland,66.16800921,Burncoat Pond,500,3,99.64515479
210,1,class,Deciduous Forest,9,pland,53.7381839,Burncoat Pond,1000,3,100.075154
211,1,class,Deciduous Forest,9,pland,55.79885423,Burncoat Pond,1500,3,100.0783392
212,1,class,Deciduous Forest,9,pland,53.8781362,Burncoat Pond,2000,3,99.97482087
213,1,class,Deciduous Forest,9,pland,52.64606072,Burncoat Pond,2500,3,100.0166741
214,1,class,Deciduous Forest,9,pland,53.51807613,Burncoat Pond,3000,3,99.99870972
305,1,class,Deciduous Forest,9,pland,28.47301952,Pierpoint Meadow,500,4,99.87448772
306,1,class,Deciduous Forest,9,pland,44.03669725,Pierpoint Meadow,1000,4,99.98915418
307,1,class,Deciduous Forest,9,pland,55.15220991,Pierpoint Meadow,1500,4,100.0273763
308,1,class,Deciduous Forest,9,pland,59.72610597,Pierpoint Meadow,2000,4,99.95332091
309,1,class,Deciduous Forest,9,pland,55.64675134,Pierpoint Meadow,2500,4,100.0304341
310,1,class,Deciduous Forest,9,pland,51.40627488,Pierpoint Meadow,3000,4,99.99870972
381,1,class,Deciduous Forest,9,pland,13.27231121,Rutland Brook,500,5,100.2184871
382,1,class,Deciduous Forest,9,pland,26.1269021,Rutland Brook,1000,5,99.8458211
383,1,class,Deciduous Forest,9,pland,30.6683641,Rutland Brook,1500,5,100.0783392
384,1,class,Deciduous Forest,9,pland,27.15227045,Rutland Brook,2000,5,100.0608207
385,1,class,Deciduous Forest,9,pland,23.34557136,Rutland Brook,2500,5,99.94328759
386,1,class,Deciduous Forest,9,pland,23.62530646,Rutland Brook,3000,5,100.0369319
475,1,class,Deciduous Forest,9,pland,40.1836969,Cooks Canyon,500,6,99.87448772
476,1,class,Deciduous Forest,9,pland,29.85673352,Cooks Canyon,1000,6,100.0464874
477,1,class,Deciduous Forest,9,pland,27.20672526,Cooks Canyon,1500,6,100.0273763
478,1,class,Deciduous Forest,9,pland,26.57683486,Cooks Canyon,2000,6,99.98915418
479,1,class,Deciduous Forest,9,pland,28.45677597,Cooks Canyon,2500,6,100.0120875
480,1,class,Deciduous Forest,9,pland,29.94776737,Cooks Canyon,3000,6,100.0082653
565,1,class,Deciduous Forest,9,pland,48.79725086,Eagle Lake,500,7,100.1038206
566,1,class,Deciduous Forest,9,pland,41.2775709,Eagle Lake,1000,7,100.075154
567,1,class,Deciduous Forest,9,pland,40.62937954,Eagle Lake,1500,7,100.0018949
568,1,class,Deciduous Forest,9,pland,40.70967742,Eagle Lake,2000,7,99.97482087
569,1,class,Deciduous Forest,9,pland,39.90920347,Eagle Lake,2500,7,100.0212608
570,1,class,Deciduous Forest,9,pland,40.90851172,Eagle Lake,3000,7,99.98915418
654,1,class,Deciduous Forest,9,pland,37.31343284,Wachusett Meadow,500,8,99.87448772
655,1,class,Deciduous Forest,9,pland,56.71342685,Wachusett Meadow,1000,8,100.1324873
656,1,class,Deciduous Forest,9,pland,58.1463539,Wachusett Meadow,1500,8,99.93819131
657,1,class,Deciduous Forest,9,pland,56.01433692,Wachusett Meadow,2000,8,99.97482087
658,1,class,Deciduous Forest,9,pland,55.96220877,Wachusett Meadow,2500,8,100.0075008
659,1,class,Deciduous Forest,9,pland,53.71727082,Wachusett Meadow,3000,8,99.99552454
742,1,class,Deciduous Forest,9,pland,7.011494253,Lake Wampanoag,500,9,99.75982125
743,1,class,Deciduous Forest,9,pland,18.18703385,Lake Wampanoag,1000,9,99.93182095
744,1,class,Deciduous Forest,9,pland,21.99847056,Lake Wampanoag,1500,9,99.96367274
745,1,class,Deciduous Forest,9,pland,26.12715934,Lake Wampanoag,2000,9,99.98198752
746,1,class,Deciduous Forest,9,pland,26.66819537,Lake Wampanoag,2500,9,100.0120875
747,1,class,Deciduous Forest,9,pland,28.34294453,Lake Wampanoag,3000,9,99.97322828
831,1,class,Deciduous Forest,9,pland,89.24485126,Flat Rocks,500,10,100.2184871
832,1,class,Deciduous Forest,9,pland,72.68292683,Flat Rocks,1000,10,99.90315433
833,1,class,Deciduous Forest,9,pland,59.78357734,Flat Rocks,1500,10,100.0783392
834,1,class,Deciduous Forest,9,pland,50.48703624,Flat Rocks,2000,10,100.0608207
835,1,class,Deciduous Forest,9,pland,47.29425804,Flat Rocks,2500,10,99.92952762
836,1,class,Deciduous Forest,9,pland,44.85305824,Flat Rocks,3000,10,100.0369319
926,1,class,Deciduous Forest,9,pland,25.74712644,Lincoln Woods,500,11,99.75982125
927,1,class,Deciduous Forest,9,pland,12.8403554,Lincoln Woods,1000,11,100.0178208
928,1,class,Deciduous Forest,9,pland,12.08258985,Lincoln Woods,1500,11,99.96367274
929,1,class,Deciduous Forest,9,pland,14.87028809,Lincoln Woods,2000,11,100.0034875
930,1,class,Deciduous Forest,9,pland,19.04434356,Lincoln Woods,2500,11,100.0212608
931,1,class,Deciduous Forest,9,pland,20.97750589,Lincoln Woods,3000,11,99.9700431
1,1,class,"Developed, High Intensity",2,pland,0.369426752,Leadmine Mountain,1500,1,100.0146356
2,1,class,"Developed, High Intensity",2,pland,0.207825713,Leadmine Mountain,2000,1,100.0034875
3,1,class,"Developed, High Intensity",2,pland,0.14214967,Leadmine Mountain,2500,1,100.0258474
4,1,class,"Developed, High Intensity",2,pland,0.101972531,Leadmine Mountain,3000,1,99.9541172
79,1,class,"Developed, High Intensity",2,pland,0.45924225,Braod Meadow Brook,500,2,99.87448772
80,1,class,"Developed, High Intensity",2,pland,5.417024936,Braod Meadow Brook,1000,2,100.0178208
81,1,class,"Developed, High Intensity",2,pland,10.54174634,Braod Meadow Brook,1500,2,99.95093202
82,1,class,"Developed, High Intensity",2,pland,10.62930046,Braod Meadow Brook,2000,2,99.98915418
83,1,class,"Developed, High Intensity",2,pland,10.77177053,Braod Meadow Brook,2500,2,100.0212608
84,1,class,"Developed, High Intensity",2,pland,10.63680673,Braod Meadow Brook,3000,2,99.985969
174,1,class,"Developed, High Intensity",2,pland,0.140038192,Burncoat Pond,1500,3,100.0783392
175,1,class,"Developed, High Intensity",2,pland,0.630824373,Burncoat Pond,2000,3,99.97482087
176,1,class,"Developed, High Intensity",2,pland,0.7383289,Burncoat Pond,2500,3,100.0166741
177,1,class,"Developed, High Intensity",2,pland,0.914158305,Burncoat Pond,3000,3,99.99870972
267,1,class,"Developed, High Intensity",2,pland,0.050190005,Pierpoint Meadow,2000,4,99.95332091
268,1,class,"Developed, High Intensity",2,pland,0.096290522,Pierpoint Meadow,2500,4,100.0304341
269,1,class,"Developed, High Intensity",2,pland,0.146520147,Pierpoint Meadow,3000,4,99.99870972
434,1,class,"Developed, High Intensity",2,pland,0.229621125,Cooks Canyon,500,6,99.87448772
435,1,class,"Developed, High Intensity",2,pland,0.286532951,Cooks Canyon,1000,6,100.0464874
436,1,class,"Developed, High Intensity",2,pland,0.471277544,Cooks Canyon,1500,6,100.0273763
437,1,class,"Developed, High Intensity",2,pland,0.458715596,Cooks Canyon,2000,6,99.98915418
438,1,class,"Developed, High Intensity",2,pland,0.321027287,Cooks Canyon,2500,6,100.0120875
439,1,class,"Developed, High Intensity",2,pland,0.283457545,Cooks Canyon,3000,6,100.0082653
530,1,class,"Developed, High Intensity",2,pland,0.687482097,Eagle Lake,1000,7,100.075154
531,1,class,"Developed, High Intensity",2,pland,1.96203338,Eagle Lake,1500,7,100.0018949
532,1,class,"Developed, High Intensity",2,pland,1.333333333,Eagle Lake,2000,7,99.97482087
533,1,class,"Developed, High Intensity",2,pland,1.03636447,Eagle Lake,2500,7,100.0212608
534,1,class,"Developed, High Intensity",2,pland,1.073521916,Eagle Lake,3000,7,99.98915418
624,1,class,"Developed, High Intensity",2,pland,0.019111932,Wachusett Meadow,3000,8,99.99552454
707,1,class,"Developed, High Intensity",2,pland,0.028686173,Lake Wampanoag,1000,9,99.93182095
708,1,class,"Developed, High Intensity",2,pland,0.191180219,Lake Wampanoag,1500,9,99.96367274
709,1,class,"Developed, High Intensity",2,pland,0.351229303,Lake Wampanoag,2000,9,99.98198752
710,1,class,"Developed, High Intensity",2,pland,0.472368723,Lake Wampanoag,2500,9,100.0120875
711,1,class,"Developed, High Intensity",2,pland,0.465160735,Lake Wampanoag,3000,9,99.97322828
795,1,class,"Developed, High Intensity",2,pland,0.028694405,Flat Rocks,1000,10,99.90315433
796,1,class,"Developed, High Intensity",2,pland,1.01845958,Flat Rocks,1500,10,100.0783392
797,1,class,"Developed, High Intensity",2,pland,2.27044836,Flat Rocks,2000,10,100.0608207
798,1,class,"Developed, High Intensity",2,pland,3.589296369,Flat Rocks,2500,10,99.92952762
799,1,class,"Developed, High Intensity",2,pland,5.021173624,Flat Rocks,3000,10,100.0369319
886,1,class,"Developed, High Intensity",2,pland,4.367816092,Lincoln Woods,500,11,99.75982125
887,1,class,"Developed, High Intensity",2,pland,10.9486959,Lincoln Woods,1000,11,100.0178208
888,1,class,"Developed, High Intensity",2,pland,13.57379556,Lincoln Woods,1500,11,99.96367274
889,1,class,"Developed, High Intensity",2,pland,14.07481726,Lincoln Woods,2000,11,100.0034875
890,1,class,"Developed, High Intensity",2,pland,12.01907644,Lincoln Woods,2500,11,100.0212608
891,1,class,"Developed, High Intensity",2,pland,10.89020582,Lincoln Woods,3000,11,99.9700431
9,1,class,"Developed, Low Intensity",4,pland,1.20412844,Leadmine Mountain,1000,1,99.98915418
10,1,class,"Developed, Low Intensity",4,pland,3.171974522,Leadmine Mountain,1500,1,100.0146356
11,1,class,"Developed, Low Intensity",4,pland,2.966891214,Leadmine Mountain,2000,1,100.0034875
12,1,class,"Developed, Low Intensity",4,pland,2.700843727,Leadmine Mountain,2500,1,100.0258474
13,1,class,"Developed, Low Intensity",4,pland,2.705458717,Leadmine Mountain,3000,1,99.9541172
91,1,class,"Developed, Low Intensity",4,pland,2.066590126,Braod Meadow Brook,500,2,99.87448772
92,1,class,"Developed, Low Intensity",4,pland,12.72570937,Braod Meadow Brook,1000,2,100.0178208
93,1,class,"Developed, Low Intensity",4,pland,15.30911409,Braod Meadow Brook,1500,2,99.95093202
94,1,class,"Developed, Low Intensity",4,pland,16.34174312,Braod Meadow Brook,2000,2,99.98915418
95,1,class,"Developed, Low Intensity",4,pland,17.27885541,Braod Meadow Brook,2500,2,100.0212608
96,1,class,"Developed, Low Intensity",4,pland,16.89656271,Braod Meadow Brook,3000,2,99.985969
183,1,class,"Developed, Low Intensity",4,pland,0.458321398,Burncoat Pond,1000,3,100.075154
184,1,class,"Developed, Low Intensity",4,pland,1.451304901,Burncoat Pond,1500,3,100.0783392
185,1,class,"Developed, Low Intensity",4,pland,2.788530466,Burncoat Pond,2000,3,99.97482087
186,1,class,"Developed, Low Intensity",4,pland,3.494451069,Burncoat Pond,2500,3,100.0166741
187,1,class,"Developed, Low Intensity",4,pland,3.822264692,Burncoat Pond,3000,3,99.99870972
276,1,class,"Developed, Low Intensity",4,pland,1.033295063,Pierpoint Meadow,500,4,99.87448772
277,1,class,"Developed, Low Intensity",4,pland,3.497706422,Pierpoint Meadow,1000,4,99.98915418
278,1,class,"Developed, Low Intensity",4,pland,3.171570501,Pierpoint Meadow,1500,4,100.0273763
279,1,class,"Developed, Low Intensity",4,pland,3.040080304,Pierpoint Meadow,2000,4,99.95332091
280,1,class,"Developed, Low Intensity",4,pland,4.319317713,Pierpoint Meadow,2500,4,100.0304341
281,1,class,"Developed, Low Intensity",4,pland,4.319159102,Pierpoint Meadow,3000,4,99.99870972
361,1,class,"Developed, Low Intensity",4,pland,0.178230426,Rutland Brook,1500,5,100.0783392
362,1,class,"Developed, Low Intensity",4,pland,0.150408251,Rutland Brook,2000,5,100.0608207
363,1,class,"Developed, Low Intensity",4,pland,0.312069757,Rutland Brook,2500,5,99.94328759
364,1,class,"Developed, Low Intensity",4,pland,0.518992581,Rutland Brook,3000,5,100.0369319
446,1,class,"Developed, Low Intensity",4,pland,4.247990815,Cooks Canyon,500,6,99.87448772
447,1,class,"Developed, Low Intensity",4,pland,6.848137536,Cooks Canyon,1000,6,100.0464874
448,1,class,"Developed, Low Intensity",4,pland,7.311170552,Cooks Canyon,1500,6,100.0273763
449,1,class,"Developed, Low Intensity",4,pland,5.812786697,Cooks Canyon,2000,6,99.98915418
450,1,class,"Developed, Low Intensity",4,pland,4.462279294,Cooks Canyon,2500,6,100.0120875
451,1,class,"Developed, Low Intensity",4,pland,3.694502835,Cooks Canyon,3000,6,100.0082653
540,1,class,"Developed, Low Intensity",4,pland,3.065024348,Eagle Lake,1000,7,100.075154
541,1,class,"Developed, Low Intensity",4,pland,4.280800102,Eagle Lake,1500,7,100.0018949
542,1,class,"Developed, Low Intensity",4,pland,4.566308244,Eagle Lake,2000,7,99.97482087
543,1,class,"Developed, Low Intensity",4,pland,5.356078323,Eagle Lake,2500,7,100.0212608
544,1,class,"Developed, Low Intensity",4,pland,6.103465851,Eagle Lake,3000,7,99.98915418
630,1,class,"Developed, Low Intensity",4,pland,0.229029488,Wachusett Meadow,1000,8,100.1324873
631,1,class,"Developed, Low Intensity",4,pland,0.305966344,Wachusett Meadow,1500,8,99.93819131
632,1,class,"Developed, Low Intensity",4,pland,0.709677419,Wachusett Meadow,2000,8,99.97482087
633,1,class,"Developed, Low Intensity",4,pland,0.958539717,Wachusett Meadow,2500,8,100.0075008
634,1,class,"Developed, Low Intensity",4,pland,1.127604001,Wachusett Meadow,3000,8,99.99552454
717,1,class,"Developed, Low Intensity",4,pland,1.40562249,Lake Wampanoag,1000,9,99.93182095
718,1,class,"Developed, Low Intensity",4,pland,3.148100943,Lake Wampanoag,1500,9,99.96367274
719,1,class,"Developed, Low Intensity",4,pland,3.146727833,Lake Wampanoag,2000,9,99.98198752
720,1,class,"Developed, Low Intensity",4,pland,3.733088741,Lake Wampanoag,2500,9,100.0120875
721,1,class,"Developed, Low Intensity",4,pland,3.816866856,Lake Wampanoag,3000,9,99.97322828
805,1,class,"Developed, Low Intensity",4,pland,0.457665904,Flat Rocks,500,10,100.2184871
806,1,class,"Developed, Low Intensity",4,pland,1.779053085,Flat Rocks,1000,10,99.90315433
807,1,class,"Developed, Low Intensity",4,pland,5.754296626,Flat Rocks,1500,10,100.0783392
808,1,class,"Developed, Low Intensity",4,pland,6.918779544,Flat Rocks,2000,10,100.0608207
809,1,class,"Developed, Low Intensity",4,pland,7.674301189,Flat Rocks,2500,10,99.92952762
810,1,class,"Developed, Low Intensity",4,pland,7.686184609,Flat Rocks,3000,10,100.0369319
898,1,class,"Developed, Low Intensity",4,pland,18.3908046,Lincoln Woods,500,11,99.75982125
899,1,class,"Developed, Low Intensity",4,pland,18.54399541,Lincoln Woods,1000,11,100.0178208
900,1,class,"Developed, Low Intensity",4,pland,20.1758858,Lincoln Woods,1500,11,99.96367274
901,1,class,"Developed, Low Intensity",4,pland,18.80464383,Lincoln Woods,2000,11,100.0034875
902,1,class,"Developed, Low Intensity",4,pland,17.02664282,Lincoln Woods,2500,11,100.0212608
903,1,class,"Developed, Low Intensity",4,pland,16.04537055,Lincoln Woods,3000,11,99.9700431
5,1,class,"Developed, Medium Intensity",3,pland,0.394904459,Leadmine Mountain,1500,1,100.0146356
6,1,class,"Developed, Medium Intensity",3,pland,0.415651426,Leadmine Mountain,2000,1,100.0034875
7,1,class,"Developed, Medium Intensity",3,pland,0.623624358,Leadmine Mountain,2500,1,100.0258474
8,1,class,"Developed, Medium Intensity",3,pland,0.579968771,Leadmine Mountain,3000,1,99.9541172
85,1,class,"Developed, Medium Intensity",3,pland,0.803673938,Braod Meadow Brook,500,2,99.87448772
86,1,class,"Developed, Medium Intensity",3,pland,13.29893952,Braod Meadow Brook,1000,2,100.0178208
87,1,class,"Developed, Medium Intensity",3,pland,18.48311026,Braod Meadow Brook,1500,2,99.95093202
88,1,class,"Developed, Medium Intensity",3,pland,20.46301606,Braod Meadow Brook,2000,2,99.98915418
89,1,class,"Developed, Medium Intensity",3,pland,24.4233503,Braod Meadow Brook,2500,2,100.0212608
90,1,class,"Developed, Medium Intensity",3,pland,24.80010194,Braod Meadow Brook,3000,2,99.985969
178,1,class,"Developed, Medium Intensity",3,pland,0.114580349,Burncoat Pond,1000,3,100.075154
179,1,class,"Developed, Medium Intensity",3,pland,0.343730108,Burncoat Pond,1500,3,100.0783392
180,1,class,"Developed, Medium Intensity",3,pland,1.369175627,Burncoat Pond,2000,3,99.97482087
181,1,class,"Developed, Medium Intensity",3,pland,1.793084472,Burncoat Pond,2500,3,100.0166741
182,1,class,"Developed, Medium Intensity",3,pland,2.363433668,Burncoat Pond,3000,3,99.99870972
270,1,class,"Developed, Medium Intensity",3,pland,0.114810563,Pierpoint Meadow,500,4,99.87448772
271,1,class,"Developed, Medium Intensity",3,pland,0.573394495,Pierpoint Meadow,1000,4,99.98915418
272,1,class,"Developed, Medium Intensity",3,pland,0.598649854,Pierpoint Meadow,1500,4,100.0273763
273,1,class,"Developed, Medium Intensity",3,pland,0.630960063,Pierpoint Meadow,2000,4,99.95332091
274,1,class,"Developed, Medium Intensity",3,pland,1.031684167,Pierpoint Meadow,2500,4,100.0304341
275,1,class,"Developed, Medium Intensity",3,pland,1.098901099,Pierpoint Meadow,3000,4,99.99870972
360,1,class,"Developed, Medium Intensity",3,pland,0.028656032,Rutland Brook,3000,5,100.0369319
440,1,class,"Developed, Medium Intensity",3,pland,1.262916188,Cooks Canyon,500,6,99.87448772
441,1,class,"Developed, Medium Intensity",3,pland,2.607449857,Cooks Canyon,1000,6,100.0464874
442,1,class,"Developed, Medium Intensity",3,pland,3.171570501,Cooks Canyon,1500,6,100.0273763
443,1,class,"Developed, Medium Intensity",3,pland,2.243405963,Cooks Canyon,2000,6,99.98915418
444,1,class,"Developed, Medium Intensity",3,pland,1.568447604,Cooks Canyon,2500,6,100.0120875
445,1,class,"Developed, Medium Intensity",3,pland,1.213453086,Cooks Canyon,3000,6,100.0082653
535,1,class,"Developed, Medium Intensity",3,pland,2.778573475,Eagle Lake,1000,7,100.075154
536,1,class,"Developed, Medium Intensity",3,pland,4.000509619,Eagle Lake,1500,7,100.0018949
537,1,class,"Developed, Medium Intensity",3,pland,3.505376344,Eagle Lake,2000,7,99.97482087
538,1,class,"Developed, Medium Intensity",3,pland,3.709817948,Eagle Lake,2500,7,100.0212608
539,1,class,"Developed, Medium Intensity",3,pland,3.73343527,Eagle Lake,3000,7,99.98915418
625,1,class,"Developed, Medium Intensity",3,pland,0.028628686,Wachusett Meadow,1000,8,100.1324873
626,1,class,"Developed, Medium Intensity",3,pland,0.012748598,Wachusett Meadow,1500,8,99.93819131
627,1,class,"Developed, Medium Intensity",3,pland,0.086021505,Wachusett Meadow,2000,8,99.97482087
628,1,class,"Developed, Medium Intensity",3,pland,0.169693634,Wachusett Meadow,2500,8,100.0075008
629,1,class,"Developed, Medium Intensity",3,pland,0.318532204,Wachusett Meadow,3000,8,99.99552454
712,1,class,"Developed, Medium Intensity",3,pland,0.372920252,Lake Wampanoag,1000,9,99.93182095
713,1,class,"Developed, Medium Intensity",3,pland,2.243181239,Lake Wampanoag,1500,9,99.96367274
714,1,class,"Developed, Medium Intensity",3,pland,2.437101283,Lake Wampanoag,2000,9,99.98198752
715,1,class,"Developed, Medium Intensity",3,pland,2.728731942,Lake Wampanoag,2500,9,100.0120875
716,1,class,"Developed, Medium Intensity",3,pland,2.590244369,Lake Wampanoag,3000,9,99.97322828
800,1,class,"Developed, Medium Intensity",3,pland,0.401721664,Flat Rocks,1000,10,99.90315433
801,1,class,"Developed, Medium Intensity",3,pland,3.78103119,Flat Rocks,1500,10,100.0783392
802,1,class,"Developed, Medium Intensity",3,pland,5.887408681,Flat Rocks,2000,10,100.0608207
803,1,class,"Developed, Medium Intensity",3,pland,6.430440171,Flat Rocks,2500,10,99.92952762
804,1,class,"Developed, Medium Intensity",3,pland,8.074633044,Flat Rocks,3000,10,100.0369319
892,1,class,"Developed, Medium Intensity",3,pland,25.05747126,Lincoln Woods,500,11,99.75982125
893,1,class,"Developed, Medium Intensity",3,pland,31.87159645,Lincoln Woods,1000,11,100.0178208
894,1,class,"Developed, Medium Intensity",3,pland,31.20061178,Lincoln Woods,1500,11,99.96367274
895,1,class,"Developed, Medium Intensity",3,pland,28.25713057,Lincoln Woods,2000,11,100.0034875
896,1,class,"Developed, Medium Intensity",3,pland,24.23533728,Lincoln Woods,2500,11,100.0212608
897,1,class,"Developed, Medium Intensity",3,pland,21.36621424,Lincoln Woods,3000,11,99.9700431
14,1,class,"Developed, Open Space",5,pland,0.946100917,Leadmine Mountain,1000,1,99.98915418
15,1,class,"Developed, Open Space",5,pland,2.050955414,Leadmine Mountain,1500,1,100.0146356
16,1,class,"Developed, Open Space",5,pland,2.400745306,Leadmine Mountain,2000,1,100.0034875
17,1,class,"Developed, Open Space",5,pland,2.682501834,Leadmine Mountain,2500,1,100.0258474
18,1,class,"Developed, Open Space",5,pland,2.989069819,Leadmine Mountain,3000,1,99.9541172
97,1,class,"Developed, Open Space",5,pland,0.918484501,Braod Meadow Brook,500,2,99.87448772
98,1,class,"Developed, Open Space",5,pland,7.423330467,Braod Meadow Brook,1000,2,100.0178208
99,1,class,"Developed, Open Space",5,pland,7.852135118,Braod Meadow Brook,1500,2,99.95093202
100,1,class,"Developed, Open Space",5,pland,9.159977064,Braod Meadow Brook,2000,2,99.98915418
101,1,class,"Developed, Open Space",5,pland,10.52414362,Braod Meadow Brook,2500,2,100.0212608
102,1,class,"Developed, Open Space",5,pland,11.1273932,Braod Meadow Brook,3000,2,99.985969
188,1,class,"Developed, Open Space",5,pland,2.266072565,Burncoat Pond,1500,3,100.0783392
189,1,class,"Developed, Open Space",5,pland,3.928315412,Burncoat Pond,2000,3,99.97482087
190,1,class,"Developed, Open Space",5,pland,4.700541135,Burncoat Pond,2500,3,100.0166741
191,1,class,"Developed, Open Space",5,pland,4.962573658,Burncoat Pond,3000,3,99.99870972
282,1,class,"Developed, Open Space",5,pland,0.918484501,Pierpoint Meadow,500,4,99.87448772
283,1,class,"Developed, Open Space",5,pland,1.978211009,Pierpoint Meadow,1000,4,99.98915418
284,1,class,"Developed, Open Space",5,pland,2.178066488,Pierpoint Meadow,1500,4,100.0273763
285,1,class,"Developed, Open Space",5,pland,1.857030186,Pierpoint Meadow,2000,4,99.95332091
286,1,class,"Developed, Open Space",5,pland,2.870374616,Pierpoint Meadow,2500,4,100.0304341
287,1,class,"Developed, Open Space",5,pland,3.083293518,Pierpoint Meadow,3000,4,99.99870972
365,1,class,"Developed, Open Space",5,pland,0.128921358,Rutland Brook,2000,5,100.0608207
366,1,class,"Developed, Open Space",5,pland,0.114731528,Rutland Brook,2500,5,99.94328759
367,1,class,"Developed, Open Space",5,pland,0.238800267,Rutland Brook,3000,5,100.0369319
452,1,class,"Developed, Open Space",5,pland,4.47761194,Cooks Canyon,500,6,99.87448772
453,1,class,"Developed, Open Space",5,pland,5.071633238,Cooks Canyon,1000,6,100.0464874
454,1,class,"Developed, Open Space",5,pland,3.98675328,Cooks Canyon,1500,6,100.0273763
455,1,class,"Developed, Open Space",5,pland,3.934919725,Cooks Canyon,2000,6,99.98915418
456,1,class,"Developed, Open Space",5,pland,3.008484293,Cooks Canyon,2500,6,100.0120875
457,1,class,"Developed, Open Space",5,pland,2.516083827,Cooks Canyon,3000,6,100.0082653
545,1,class,"Developed, Open Space",5,pland,0.916642796,Eagle Lake,1000,7,100.075154
546,1,class,"Developed, Open Space",5,pland,3.223340553,Eagle Lake,1500,7,100.0018949
547,1,class,"Developed, Open Space",5,pland,3.720430108,Eagle Lake,2000,7,99.97482087
548,1,class,"Developed, Open Space",5,pland,4.049158527,Eagle Lake,2500,7,100.0212608
549,1,class,"Developed, Open Space",5,pland,4.023318043,Eagle Lake,3000,7,99.98915418
635,1,class,"Developed, Open Space",5,pland,0.164874552,Wachusett Meadow,2000,8,99.97482087
636,1,class,"Developed, Open Space",5,pland,0.215556779,Wachusett Meadow,2500,8,100.0075008
637,1,class,"Developed, Open Space",5,pland,0.423647831,Wachusett Meadow,3000,8,99.99552454
722,1,class,"Developed, Open Space",5,pland,0.08605852,Lake Wampanoag,1000,9,99.93182095
723,1,class,"Developed, Open Space",5,pland,0.904919704,Lake Wampanoag,1500,9,99.96367274
724,1,class,"Developed, Open Space",5,pland,1.025016128,Lake Wampanoag,2000,9,99.98198752
725,1,class,"Developed, Open Space",5,pland,1.591378124,Lake Wampanoag,2500,9,100.0120875
726,1,class,"Developed, Open Space",5,pland,2.743173926,Lake Wampanoag,3000,9,99.97322828
811,1,class,"Developed, Open Space",5,pland,1.262553802,Flat Rocks,1000,10,99.90315433
812,1,class,"Developed, Open Space",5,pland,3.870146404,Flat Rocks,1500,10,100.0783392
813,1,class,"Developed, Open Space",5,pland,4.734278757,Flat Rocks,2000,10,100.0608207
814,1,class,"Developed, Open Space",5,pland,4.952494607,Flat Rocks,2500,10,99.92952762
815,1,class,"Developed, Open Space",5,pland,4.390740918,Flat Rocks,3000,10,100.0369319
904,1,class,"Developed, Open Space",5,pland,9.195402299,Lincoln Woods,500,11,99.75982125
905,1,class,"Developed, Open Space",5,pland,12.41043279,Lincoln Woods,1000,11,100.0178208
906,1,class,"Developed, Open Space",5,pland,12.36298751,Lincoln Woods,1500,11,99.96367274
907,1,class,"Developed, Open Space",5,pland,11.07926043,Lincoln Woods,2000,11,100.0034875
908,1,class,"Developed, Open Space",5,pland,9.57490714,Lincoln Woods,2500,11,100.0212608
909,1,class,"Developed, Open Space",5,pland,8.851080099,Lincoln Woods,3000,11,99.9700431
37,1,class,Evergreen Forest,10,pland,4.827586207,Leadmine Mountain,500,1,99.75982125
38,1,class,Evergreen Forest,10,pland,4.243119266,Leadmine Mountain,1000,1,99.98915418
39,1,class,Evergreen Forest,10,pland,7.515923567,Leadmine Mountain,1500,1,100.0146356
40,1,class,Evergreen Forest,10,pland,11.82456643,Leadmine Mountain,2000,1,100.0034875
41,1,class,Evergreen Forest,10,pland,12.53209831,Leadmine Mountain,2500,1,100.0258474
42,1,class,Evergreen Forest,10,pland,13.57827985,Leadmine Mountain,3000,1,99.9541172
125,1,class,Evergreen Forest,10,pland,0.028661508,Braod Meadow Brook,1000,2,100.0178208
126,1,class,Evergreen Forest,10,pland,0.025493945,Braod Meadow Brook,1500,2,99.95093202
127,1,class,Evergreen Forest,10,pland,0.157683486,Braod Meadow Brook,2000,2,99.98915418
128,1,class,Evergreen Forest,10,pland,0.220112808,Braod Meadow Brook,2500,2,100.0212608
129,1,class,Evergreen Forest,10,pland,0.576598388,Braod Meadow Brook,3000,2,99.985969
215,1,class,Evergreen Forest,10,pland,1.956271577,Burncoat Pond,500,3,99.64515479
216,1,class,Evergreen Forest,10,pland,4.554568891,Burncoat Pond,1000,3,100.075154
217,1,class,Evergreen Forest,10,pland,3.284532145,Burncoat Pond,1500,3,100.0783392
218,1,class,Evergreen Forest,10,pland,2.982078853,Burncoat Pond,2000,3,99.97482087
219,1,class,Evergreen Forest,10,pland,3.196367972,Burncoat Pond,2500,3,100.0166741
220,1,class,Evergreen Forest,10,pland,3.420926899,Burncoat Pond,3000,3,99.99870972
311,1,class,Evergreen Forest,10,pland,18.02525832,Pierpoint Meadow,500,4,99.87448772
312,1,class,Evergreen Forest,10,pland,9.174311927,Pierpoint Meadow,1000,4,99.98915418
313,1,class,Evergreen Forest,10,pland,6.011972997,Pierpoint Meadow,1500,4,100.0273763
314,1,class,Evergreen Forest,10,pland,5.047680505,Pierpoint Meadow,2000,4,99.95332091
315,1,class,Evergreen Forest,10,pland,5.415195561,Pierpoint Meadow,2500,4,100.0304341
316,1,class,Evergreen Forest,10,pland,6.045548654,Pierpoint Meadow,3000,4,99.99870972
387,1,class,Evergreen Forest,10,pland,44.2791762,Rutland Brook,500,5,100.2184871
388,1,class,Evergreen Forest,10,pland,36.06086707,Rutland Brook,1000,5,99.8458211
389,1,class,Evergreen Forest,10,pland,32.19605347,Rutland Brook,1500,5,100.0783392
390,1,class,Evergreen Forest,10,pland,31.49262283,Rutland Brook,2000,5,100.0608207
391,1,class,Evergreen Forest,10,pland,29.95869665,Rutland Brook,2500,5,99.94328759
392,1,class,Evergreen Forest,10,pland,27.03219028,Rutland Brook,3000,5,100.0369319
481,1,class,Evergreen Forest,10,pland,14.23650976,Cooks Canyon,500,6,99.87448772
482,1,class,Evergreen Forest,10,pland,12.12034384,Cooks Canyon,1000,6,100.0464874
483,1,class,Evergreen Forest,10,pland,13.65431155,Cooks Canyon,1500,6,100.0273763
484,1,class,Evergreen Forest,10,pland,15.61783257,Cooks Canyon,2000,6,99.98915418
485,1,class,Evergreen Forest,10,pland,14.87273561,Cooks Canyon,2500,6,100.0120875
486,1,class,Evergreen Forest,10,pland,13.81298172,Cooks Canyon,3000,6,100.0082653
571,1,class,Evergreen Forest,10,pland,16.72394044,Eagle Lake,500,7,100.1038206
572,1,class,Evergreen Forest,10,pland,17.93182469,Eagle Lake,1000,7,100.075154
573,1,class,Evergreen Forest,10,pland,13.77245509,Eagle Lake,1500,7,100.0018949
574,1,class,Evergreen Forest,10,pland,12.53763441,Eagle Lake,2000,7,99.97482087
575,1,class,Evergreen Forest,10,pland,12.27128904,Eagle Lake,2500,7,100.0212608
576,1,class,Evergreen Forest,10,pland,10.91360856,Eagle Lake,3000,7,99.98915418
660,1,class,Evergreen Forest,10,pland,28.70264064,Wachusett Meadow,500,8,99.87448772
661,1,class,Evergreen Forest,10,pland,8.989407386,Wachusett Meadow,1000,8,100.1324873
662,1,class,Evergreen Forest,10,pland,6.450790413,Wachusett Meadow,1500,8,99.93819131
663,1,class,Evergreen Forest,10,pland,7.275985663,Wachusett Meadow,2000,8,99.97482087
664,1,class,Evergreen Forest,10,pland,7.218858925,Wachusett Meadow,2500,8,100.0075008
665,1,class,Evergreen Forest,10,pland,8.842453972,Wachusett Meadow,3000,8,99.99552454
748,1,class,Evergreen Forest,10,pland,51.03448276,Lake Wampanoag,500,9,99.75982125
749,1,class,Evergreen Forest,10,pland,31.23924269,Lake Wampanoag,1000,9,99.93182095
750,1,class,Evergreen Forest,10,pland,26.01325516,Lake Wampanoag,1500,9,99.96367274
751,1,class,Evergreen Forest,10,pland,25.6254032,Lake Wampanoag,2000,9,99.98198752
752,1,class,Evergreen Forest,10,pland,24.42559046,Lake Wampanoag,2500,9,100.0120875
753,1,class,Evergreen Forest,10,pland,23.08599102,Lake Wampanoag,3000,9,99.97322828
837,1,class,Evergreen Forest,10,pland,2.745995423,Flat Rocks,500,10,100.2184871
838,1,class,Evergreen Forest,10,pland,15.55236729,Flat Rocks,1000,10,99.90315433
839,1,class,Evergreen Forest,10,pland,14.02928071,Flat Rocks,1500,10,100.0783392
840,1,class,Evergreen Forest,10,pland,14.95487752,Flat Rocks,2000,10,100.0608207
841,1,class,Evergreen Forest,10,pland,14.75650617,Flat Rocks,2500,10,99.92952762
842,1,class,Evergreen Forest,10,pland,13.94275162,Flat Rocks,3000,10,100.0369319
932,1,class,Evergreen Forest,10,pland,11.49425287,Lincoln Woods,500,11,99.75982125
933,1,class,Evergreen Forest,10,pland,4.901117799,Lincoln Woods,1000,11,100.0178208
934,1,class,Evergreen Forest,10,pland,3.04613816,Lincoln Woods,1500,11,99.96367274
935,1,class,Evergreen Forest,10,pland,2.565572596,Lincoln Woods,2000,11,100.0034875
936,1,class,Evergreen Forest,10,pland,3.838217086,Lincoln Woods,2500,11,100.0212608
937,1,class,Evergreen Forest,10,pland,5.623526413,Lincoln Woods,3000,11,99.9700431
28,1,class,Grassland/Herbaceous,8,pland,0.021499212,Leadmine Mountain,2000,1,100.0034875
29,1,class,Grassland/Herbaceous,8,pland,0.036683786,Leadmine Mountain,2500,1,100.0258474
30,1,class,Grassland/Herbaceous,8,pland,0.376023709,Leadmine Mountain,3000,1,99.9541172
113,1,class,Grassland/Herbaceous,8,pland,0.114810563,Braod Meadow Brook,500,2,99.87448772
114,1,class,Grassland/Herbaceous,8,pland,0.802522213,Braod Meadow Brook,1000,2,100.0178208
115,1,class,Grassland/Herbaceous,8,pland,0.968769917,Braod Meadow Brook,1500,2,99.95093202
116,1,class,Grassland/Herbaceous,8,pland,1.26146789,Braod Meadow Brook,2000,2,99.98915418
117,1,class,Grassland/Herbaceous,8,pland,1.077635622,Braod Meadow Brook,2500,2,100.0212608
118,1,class,Grassland/Herbaceous,8,pland,0.847376637,Braod Meadow Brook,3000,2,99.985969
203,1,class,Grassland/Herbaceous,8,pland,0.80552359,Burncoat Pond,500,3,99.64515479
204,1,class,Grassland/Herbaceous,8,pland,0.458321398,Burncoat Pond,1000,3,100.075154
205,1,class,Grassland/Herbaceous,8,pland,0.229153405,Burncoat Pond,1500,3,100.0783392
206,1,class,Grassland/Herbaceous,8,pland,0.265232975,Burncoat Pond,2000,3,99.97482087
207,1,class,Grassland/Herbaceous,8,pland,0.22929469,Burncoat Pond,2500,3,100.0166741
208,1,class,Grassland/Herbaceous,8,pland,0.258002867,Burncoat Pond,3000,3,99.99870972
299,1,class,Grassland/Herbaceous,8,pland,2.296211251,Pierpoint Meadow,500,4,99.87448772
300,1,class,Grassland/Herbaceous,8,pland,0.573394495,Pierpoint Meadow,1000,4,99.98915418
301,1,class,Grassland/Herbaceous,8,pland,0.267481849,Pierpoint Meadow,1500,4,100.0273763
302,1,class,Grassland/Herbaceous,8,pland,0.308310031,Pierpoint Meadow,2000,4,99.95332091
303,1,class,Grassland/Herbaceous,8,pland,0.330138933,Pierpoint Meadow,2500,4,100.0304341
304,1,class,Grassland/Herbaceous,8,pland,0.420449116,Pierpoint Meadow,3000,4,99.99870972
377,1,class,Grassland/Herbaceous,8,pland,0.089115213,Rutland Brook,1500,5,100.0783392
378,1,class,Grassland/Herbaceous,8,pland,0.100272167,Rutland Brook,2000,5,100.0608207
379,1,class,Grassland/Herbaceous,8,pland,0.16062414,Rutland Brook,2500,5,99.94328759
380,1,class,Grassland/Herbaceous,8,pland,0.14328016,Rutland Brook,3000,5,100.0369319
469,1,class,Grassland/Herbaceous,8,pland,0.918484501,Cooks Canyon,500,6,99.87448772
470,1,class,Grassland/Herbaceous,8,pland,0.744985673,Cooks Canyon,1000,6,100.0464874
471,1,class,Grassland/Herbaceous,8,pland,1.668577251,Cooks Canyon,1500,6,100.0273763
472,1,class,Grassland/Herbaceous,8,pland,1.13962156,Cooks Canyon,2000,6,99.98915418
473,1,class,Grassland/Herbaceous,8,pland,0.834670947,Cooks Canyon,2500,6,100.0120875
474,1,class,Grassland/Herbaceous,8,pland,0.652907829,Cooks Canyon,3000,6,100.0082653
559,1,class,Grassland/Herbaceous,8,pland,0.458190149,Eagle Lake,500,7,100.1038206
560,1,class,Grassland/Herbaceous,8,pland,0.458321398,Eagle Lake,1000,7,100.075154
561,1,class,Grassland/Herbaceous,8,pland,1.006497643,Eagle Lake,1500,7,100.0018949
562,1,class,Grassland/Herbaceous,8,pland,0.82437276,Eagle Lake,2000,7,99.97482087
563,1,class,Grassland/Herbaceous,8,pland,1.178520659,Eagle Lake,2500,7,100.0212608
564,1,class,Grassland/Herbaceous,8,pland,0.882390418,Eagle Lake,3000,7,99.98915418
649,1,class,Grassland/Herbaceous,8,pland,0.028628686,Wachusett Meadow,1000,8,100.1324873
650,1,class,Grassland/Herbaceous,8,pland,0.063742988,Wachusett Meadow,1500,8,99.93819131
651,1,class,Grassland/Herbaceous,8,pland,0.078853047,Wachusett Meadow,2000,8,99.97482087
652,1,class,Grassland/Herbaceous,8,pland,0.284351495,Wachusett Meadow,2500,8,100.0075008
653,1,class,Grassland/Herbaceous,8,pland,0.238899153,Wachusett Meadow,3000,8,99.99552454
738,1,class,Grassland/Herbaceous,8,pland,0.012745348,Lake Wampanoag,1500,9,99.96367274
739,1,class,Grassland/Herbaceous,8,pland,0.093183284,Lake Wampanoag,2000,9,99.98198752
740,1,class,Grassland/Herbaceous,8,pland,0.132997019,Lake Wampanoag,2500,9,100.0120875
741,1,class,Grassland/Herbaceous,8,pland,0.3536496,Lake Wampanoag,3000,9,99.97322828
826,1,class,Grassland/Herbaceous,8,pland,0.143472023,Flat Rocks,1000,10,99.90315433
827,1,class,Grassland/Herbaceous,8,pland,0.343730108,Flat Rocks,1500,10,100.0783392
828,1,class,Grassland/Herbaceous,8,pland,0.572983813,Flat Rocks,2000,10,100.0608207
829,1,class,Grassland/Herbaceous,8,pland,0.986827007,Flat Rocks,2500,10,99.92952762
830,1,class,Grassland/Herbaceous,8,pland,0.815104913,Flat Rocks,3000,10,100.0369319
920,1,class,Grassland/Herbaceous,8,pland,0.114942529,Lincoln Woods,500,11,99.75982125
921,1,class,Grassland/Herbaceous,8,pland,0.028661508,Lincoln Woods,1000,11,100.0178208
922,1,class,Grassland/Herbaceous,8,pland,0.06372674,Lincoln Woods,1500,11,99.96367274
923,1,class,Grassland/Herbaceous,8,pland,0.050164827,Lincoln Woods,2000,11,100.0034875
924,1,class,Grassland/Herbaceous,8,pland,0.229284175,Lincoln Woods,2500,11,100.0212608
925,1,class,Grassland/Herbaceous,8,pland,0.634040655,Lincoln Woods,3000,11,99.9700431
43,1,class,Mixed Forest,11,pland,26.43678161,Leadmine Mountain,500,1,99.75982125
44,1,class,Mixed Forest,11,pland,24.5412844,Leadmine Mountain,1000,1,99.98915418
45,1,class,Mixed Forest,11,pland,23.19745223,Leadmine Mountain,1500,1,100.0146356
46,1,class,Mixed Forest,11,pland,23.76379533,Leadmine Mountain,2000,1,100.0034875
47,1,class,Mixed Forest,11,pland,23.39508437,Leadmine Mountain,2500,1,100.0258474
48,1,class,Mixed Forest,11,pland,24.72196552,Leadmine Mountain,3000,1,99.9541172
130,1,class,Mixed Forest,11,pland,0.114810563,Braod Meadow Brook,500,2,99.87448772
131,1,class,Mixed Forest,11,pland,0.659214675,Braod Meadow Brook,1000,2,100.0178208
132,1,class,Mixed Forest,11,pland,0.68833652,Braod Meadow Brook,1500,2,99.95093202
133,1,class,Mixed Forest,11,pland,0.645068807,Braod Meadow Brook,2000,2,99.98915418
134,1,class,Mixed Forest,11,pland,0.582381804,Braod Meadow Brook,2500,2,100.0212608
135,1,class,Mixed Forest,11,pland,0.490586474,Braod Meadow Brook,3000,2,99.985969
221,1,class,Mixed Forest,11,pland,1.150747986,Burncoat Pond,500,3,99.64515479
222,1,class,Mixed Forest,11,pland,3.666571183,Burncoat Pond,1000,3,100.075154
223,1,class,Mixed Forest,11,pland,2.227880331,Burncoat Pond,1500,3,100.0783392
224,1,class,Mixed Forest,11,pland,1.906810036,Burncoat Pond,2000,3,99.97482087
225,1,class,Mixed Forest,11,pland,1.921489498,Burncoat Pond,2500,3,100.0166741
226,1,class,Mixed Forest,11,pland,2.009874184,Burncoat Pond,3000,3,99.99870972
317,1,class,Mixed Forest,11,pland,1.262916188,Pierpoint Meadow,500,4,99.87448772
318,1,class,Mixed Forest,11,pland,1.032110092,Pierpoint Meadow,1000,4,99.98915418
319,1,class,Mixed Forest,11,pland,1.910584639,Pierpoint Meadow,1500,4,100.0273763
320,1,class,Mixed Forest,11,pland,1.591740159,Pierpoint Meadow,2000,4,99.95332091
321,1,class,Mixed Forest,11,pland,1.595671512,Pierpoint Meadow,2500,4,100.0304341
322,1,class,Mixed Forest,11,pland,1.732759994,Pierpoint Meadow,3000,4,99.99870972
393,1,class,Mixed Forest,11,pland,36.38443936,Rutland Brook,500,5,100.2184871
394,1,class,Mixed Forest,11,pland,29.19896641,Rutland Brook,1000,5,99.8458211
395,1,class,Mixed Forest,11,pland,28.41502228,Rutland Brook,1500,5,100.0783392
396,1,class,Mixed Forest,11,pland,29.16487609,Rutland Brook,2000,5,100.0608207
397,1,class,Mixed Forest,11,pland,30.40844424,Rutland Brook,2500,5,99.94328759
398,1,class,Mixed Forest,11,pland,30.99627472,Rutland Brook,3000,5,100.0369319
487,1,class,Mixed Forest,11,pland,19.86222732,Cooks Canyon,500,6,99.87448772
488,1,class,Mixed Forest,11,pland,13.00859599,Cooks Canyon,1000,6,100.0464874
489,1,class,Mixed Forest,11,pland,11.31066106,Cooks Canyon,1500,6,100.0273763
490,1,class,Mixed Forest,11,pland,13.80447248,Cooks Canyon,2000,6,99.98915418
491,1,class,Mixed Forest,11,pland,15.87709241,Cooks Canyon,2500,6,100.0120875
492,1,class,Mixed Forest,11,pland,16.84183706,Cooks Canyon,3000,6,100.0082653
577,1,class,Mixed Forest,11,pland,6.987399771,Eagle Lake,500,7,100.1038206
578,1,class,Mixed Forest,11,pland,6.817530793,Eagle Lake,1000,7,100.075154
579,1,class,Mixed Forest,11,pland,7.096445407,Eagle Lake,1500,7,100.0018949
580,1,class,Mixed Forest,11,pland,6.860215054,Eagle Lake,2000,7,99.97482087
581,1,class,Mixed Forest,11,pland,6.254872289,Eagle Lake,2500,7,100.0212608
582,1,class,Mixed Forest,11,pland,5.839067278,Eagle Lake,3000,7,99.98915418
666,1,class,Mixed Forest,11,pland,27.43972445,Wachusett Meadow,500,8,99.87448772
667,1,class,Mixed Forest,11,pland,13.88491268,Wachusett Meadow,1000,8,100.1324873
668,1,class,Mixed Forest,11,pland,13.32228455,Wachusett Meadow,1500,8,99.93819131
669,1,class,Mixed Forest,11,pland,11.99283154,Wachusett Meadow,2000,8,99.97482087
670,1,class,Mixed Forest,11,pland,12.12162906,Wachusett Meadow,2500,8,100.0075008
671,1,class,Mixed Forest,11,pland,12.77632669,Wachusett Meadow,3000,8,99.99552454
754,1,class,Mixed Forest,11,pland,31.03448276,Lake Wampanoag,500,9,99.75982125
755,1,class,Mixed Forest,11,pland,26.3912794,Lake Wampanoag,1000,9,99.93182095
756,1,class,Mixed Forest,11,pland,18.62095335,Lake Wampanoag,1500,9,99.96367274
757,1,class,Mixed Forest,11,pland,17.99154182,Lake Wampanoag,2000,9,99.98198752
758,1,class,Mixed Forest,11,pland,18.04631965,Lake Wampanoag,2500,9,100.0120875
759,1,class,Mixed Forest,11,pland,17.37662089,Lake Wampanoag,3000,9,99.97322828
843,1,class,Mixed Forest,11,pland,2.631578947,Flat Rocks,500,10,100.2184871
844,1,class,Mixed Forest,11,pland,1.262553802,Flat Rocks,1000,10,99.90315433
845,1,class,Mixed Forest,11,pland,1.514958625,Flat Rocks,1500,10,100.0783392
846,1,class,Mixed Forest,11,pland,2.127202407,Flat Rocks,2000,10,100.0608207
847,1,class,Mixed Forest,11,pland,2.386744389,Flat Rocks,2500,10,99.92952762
848,1,class,Mixed Forest,11,pland,2.426210717,Flat Rocks,3000,10,100.0369319
938,1,class,Mixed Forest,11,pland,1.264367816,Lincoln Woods,500,11,99.75982125
939,1,class,Mixed Forest,11,pland,0.83118372,Lincoln Woods,1000,11,100.0178208
940,1,class,Mixed Forest,11,pland,0.535304614,Lincoln Woods,1500,11,99.96367274
941,1,class,Mixed Forest,11,pland,0.508814677,Lincoln Woods,2000,11,100.0034875
942,1,class,Mixed Forest,11,pland,0.779566194,Lincoln Woods,2500,11,100.0212608
943,1,class,Mixed Forest,11,pland,1.115146881,Lincoln Woods,3000,11,99.9700431
73,1,class,Open Water,21,pland,1.821656051,Leadmine Mountain,1500,1,100.0146356
74,1,class,Open Water,21,pland,2.106922746,Leadmine Mountain,2000,1,100.0034875
75,1,class,Open Water,21,pland,1.889214967,Leadmine Mountain,2500,1,100.0258474
76,1,class,Open Water,21,pland,1.998024282,Leadmine Mountain,3000,1,99.9541172
165,1,class,Open Water,21,pland,0.114810563,Braod Meadow Brook,500,2,99.87448772
166,1,class,Open Water,21,pland,0.057323015,Braod Meadow Brook,1000,2,100.0178208
167,1,class,Open Water,21,pland,0.216698534,Braod Meadow Brook,1500,2,99.95093202
168,1,class,Open Water,21,pland,0.946100917,Braod Meadow Brook,2000,2,99.98915418
169,1,class,Open Water,21,pland,2.338698583,Braod Meadow Brook,2500,2,100.0212608
170,1,class,Open Water,21,pland,2.513459272,Braod Meadow Brook,3000,2,99.985969
255,1,class,Open Water,21,pland,2.416570771,Burncoat Pond,500,3,99.64515479
256,1,class,Open Water,21,pland,8.822686909,Burncoat Pond,1000,3,100.075154
257,1,class,Open Water,21,pland,5.945257798,Burncoat Pond,1500,3,100.0783392
258,1,class,Open Water,21,pland,4.716845878,Burncoat Pond,2000,3,99.97482087
259,1,class,Open Water,21,pland,6.067137485,Burncoat Pond,2500,3,100.0166741
260,1,class,Open Water,21,pland,6.367255932,Burncoat Pond,3000,3,99.99870972
352,1,class,Open Water,21,pland,20.5510907,Pierpoint Meadow,500,4,99.87448772
353,1,class,Open Water,21,pland,16.74311927,Pierpoint Meadow,1000,4,99.98915418
354,1,class,Open Water,21,pland,9.90956566,Pierpoint Meadow,1500,4,100.0273763
355,1,class,Open Water,21,pland,6.668100667,Pierpoint Meadow,2000,4,99.95332091
356,1,class,Open Water,21,pland,6.744921821,Pierpoint Meadow,2500,4,100.0304341
357,1,class,Open Water,21,pland,7.921643574,Pierpoint Meadow,3000,4,99.99870972
427,1,class,Open Water,21,pland,0.57208238,Rutland Brook,500,5,100.2184871
428,1,class,Open Water,21,pland,2.038472581,Rutland Brook,1000,5,99.8458211
429,1,class,Open Water,21,pland,1.234882241,Rutland Brook,1500,5,100.0783392
430,1,class,Open Water,21,pland,0.787852743,Rutland Brook,2000,5,100.0608207
431,1,class,Open Water,21,pland,0.81229922,Rutland Brook,2500,5,99.94328759
432,1,class,Open Water,21,pland,0.802368899,Rutland Brook,3000,5,100.0369319
520,1,class,Open Water,21,pland,0.143266476,Cooks Canyon,1000,6,100.0464874
521,1,class,Open Water,21,pland,0.127372309,Cooks Canyon,1500,6,100.0273763
522,1,class,Open Water,21,pland,0.100344037,Cooks Canyon,2000,6,99.98915418
523,1,class,Open Water,21,pland,0.188030268,Cooks Canyon,2500,6,100.0120875
524,1,class,Open Water,21,pland,0.735715651,Cooks Canyon,3000,6,100.0082653
612,1,class,Open Water,21,pland,0.229095074,Eagle Lake,500,7,100.1038206
613,1,class,Open Water,21,pland,3.80979662,Eagle Lake,1000,7,100.075154
614,1,class,Open Water,21,pland,5.351000127,Eagle Lake,1500,7,100.0018949
615,1,class,Open Water,21,pland,5.670250896,Eagle Lake,2000,7,99.97482087
616,1,class,Open Water,21,pland,6.621726968,Eagle Lake,2500,7,100.0212608
617,1,class,Open Water,21,pland,7.304408767,Eagle Lake,3000,7,99.98915418
699,1,class,Open Water,21,pland,0.515316347,Wachusett Meadow,1000,8,100.1324873
700,1,class,Open Water,21,pland,2.218255992,Wachusett Meadow,1500,8,99.93819131
701,1,class,Open Water,21,pland,1.835125448,Wachusett Meadow,2000,8,99.97482087
702,1,class,Open Water,21,pland,1.183269125,Wachusett Meadow,2500,8,100.0075008
703,1,class,Open Water,21,pland,1.382429764,Wachusett Meadow,3000,8,99.99552454
789,1,class,Open Water,21,pland,0.459770115,Lake Wampanoag,500,9,99.75982125
790,1,class,Open Water,21,pland,6.798623064,Lake Wampanoag,1000,9,99.93182095
791,1,class,Open Water,21,pland,8.985470303,Lake Wampanoag,1500,9,99.96367274
792,1,class,Open Water,21,pland,7.053257831,Lake Wampanoag,2000,9,99.98198752
793,1,class,Open Water,21,pland,5.553772071,Lake Wampanoag,2500,9,100.0120875
794,1,class,Open Water,21,pland,4.288399656,Lake Wampanoag,3000,9,99.97322828
877,1,class,Open Water,21,pland,1.601830664,Flat Rocks,500,10,100.2184871
878,1,class,Open Water,21,pland,1.291248207,Flat Rocks,1000,10,99.90315433
879,1,class,Open Water,21,pland,1.464035646,Flat Rocks,1500,10,100.0783392
880,1,class,Open Water,21,pland,2.413694313,Flat Rocks,2000,10,100.0608207
881,1,class,Open Water,21,pland,1.81759765,Flat Rocks,2500,10,99.92952762
882,1,class,Open Water,21,pland,1.270417423,Flat Rocks,3000,10,100.0369319
970,1,class,Open Water,21,pland,0.050981392,Lincoln Woods,1500,11,99.96367274
971,1,class,Open Water,21,pland,1.354450337,Lincoln Woods,2000,11,100.0034875
972,1,class,Open Water,21,pland,2.013115055,Lincoln Woods,2500,11,100.0212608
973,1,class,Open Water,21,pland,2.332250048,Lincoln Woods,3000,11,99.9700431
77,1,class,Palustrine Aquatic Bed,22,pland,0.01375642,Leadmine Mountain,2500,1,100.0258474
78,1,class,Palustrine Aquatic Bed,22,pland,0.009559925,Leadmine Mountain,3000,1,99.9541172
171,1,class,Palustrine Aquatic Bed,22,pland,0.007167431,Braod Meadow Brook,2000,2,99.98915418
172,1,class,Palustrine Aquatic Bed,22,pland,0.004585683,Braod Meadow Brook,2500,2,100.0212608
173,1,class,Palustrine Aquatic Bed,22,pland,0.003185626,Braod Meadow Brook,3000,2,99.985969
261,1,class,Palustrine Aquatic Bed,22,pland,0.345224396,Burncoat Pond,500,3,99.64515479
262,1,class,Palustrine Aquatic Bed,22,pland,0.572901747,Burncoat Pond,1000,3,100.075154
263,1,class,Palustrine Aquatic Bed,22,pland,0.254614895,Burncoat Pond,1500,3,100.0783392
264,1,class,Palustrine Aquatic Bed,22,pland,0.17921147,Burncoat Pond,2000,3,99.97482087
265,1,class,Palustrine Aquatic Bed,22,pland,0.123819132,Burncoat Pond,2500,3,100.0166741
266,1,class,Palustrine Aquatic Bed,22,pland,0.086000956,Burncoat Pond,3000,3,99.99870972
358,1,class,Palustrine Aquatic Bed,22,pland,0.022926315,Pierpoint Meadow,2500,4,100.0304341
359,1,class,Palustrine Aquatic Bed,22,pland,0.015926103,Pierpoint Meadow,3000,4,99.99870972
433,1,class,Palustrine Aquatic Bed,22,pland,0.117808132,Rutland Brook,3000,5,100.0369319
525,1,class,Palustrine Aquatic Bed,22,pland,0.114613181,Cooks Canyon,1000,6,100.0464874
526,1,class,Palustrine Aquatic Bed,22,pland,0.063686155,Cooks Canyon,1500,6,100.0273763
527,1,class,Palustrine Aquatic Bed,22,pland,0.035837156,Cooks Canyon,2000,6,99.98915418
528,1,class,Palustrine Aquatic Bed,22,pland,0.022930521,Cooks Canyon,2500,6,100.0120875
529,1,class,Palustrine Aquatic Bed,22,pland,0.015924581,Cooks Canyon,3000,6,100.0082653
618,1,class,Palustrine Aquatic Bed,22,pland,2.176403207,Eagle Lake,500,7,100.1038206
619,1,class,Palustrine Aquatic Bed,22,pland,2.148381553,Eagle Lake,1000,7,100.075154
620,1,class,Palustrine Aquatic Bed,22,pland,0.955535737,Eagle Lake,1500,7,100.0018949
621,1,class,Palustrine Aquatic Bed,22,pland,0.537634409,Eagle Lake,2000,7,99.97482087
622,1,class,Palustrine Aquatic Bed,22,pland,0.431054249,Eagle Lake,2500,7,100.0212608
623,1,class,Palustrine Aquatic Bed,22,pland,0.305810398,Eagle Lake,3000,7,99.98915418
704,1,class,Palustrine Aquatic Bed,22,pland,0.021505376,Wachusett Meadow,2000,8,99.97482087
705,1,class,Palustrine Aquatic Bed,22,pland,0.013758943,Wachusett Meadow,2500,8,100.0075008
706,1,class,Palustrine Aquatic Bed,22,pland,0.009555966,Wachusett Meadow,3000,8,99.99552454
883,1,class,Palustrine Aquatic Bed,22,pland,0.007162298,Flat Rocks,2000,10,100.0608207
884,1,class,Palustrine Aquatic Bed,22,pland,0.004589893,Flat Rocks,2500,10,99.92952762
885,1,class,Palustrine Aquatic Bed,22,pland,0.003184004,Flat Rocks,3000,10,100.0369319
65,1,class,Palustrine Emergent Wetland,15,pland,0.200688073,Leadmine Mountain,1000,1,99.98915418
66,1,class,Palustrine Emergent Wetland,15,pland,0.280254777,Leadmine Mountain,1500,1,100.0146356
67,1,class,Palustrine Emergent Wetland,15,pland,0.372653003,Leadmine Mountain,2000,1,100.0034875
68,1,class,Palustrine Emergent Wetland,15,pland,0.481474688,Leadmine Mountain,2500,1,100.0258474
69,1,class,Palustrine Emergent Wetland,15,pland,0.47799624,Leadmine Mountain,3000,1,99.9541172
153,1,class,Palustrine Emergent Wetland,15,pland,0.114810563,Braod Meadow Brook,500,2,99.87448772
154,1,class,Palustrine Emergent Wetland,15,pland,0.171969046,Braod Meadow Brook,1000,2,100.0178208
155,1,class,Palustrine Emergent Wetland,15,pland,0.203951562,Braod Meadow Brook,1500,2,99.95093202
156,1,class,Palustrine Emergent Wetland,15,pland,0.286697248,Braod Meadow Brook,2000,2,99.98915418
157,1,class,Palustrine Emergent Wetland,15,pland,0.376026047,Braod Meadow Brook,2500,2,100.0212608
158,1,class,Palustrine Emergent Wetland,15,pland,0.458730209,Braod Meadow Brook,3000,2,99.985969
244,1,class,Palustrine Emergent Wetland,15,pland,11.27733026,Burncoat Pond,500,3,99.64515479
245,1,class,Palustrine Emergent Wetland,15,pland,4.812374678,Burncoat Pond,1000,3,100.075154
246,1,class,Palustrine Emergent Wetland,15,pland,2.571610439,Burncoat Pond,1500,3,100.0783392
247,1,class,Palustrine Emergent Wetland,15,pland,1.906810036,Burncoat Pond,2000,3,99.97482087
248,1,class,Palustrine Emergent Wetland,15,pland,1.472071907,Burncoat Pond,2500,3,100.0166741
249,1,class,Palustrine Emergent Wetland,15,pland,1.235865584,Burncoat Pond,3000,3,99.99870972
341,1,class,Palustrine Emergent Wetland,15,pland,1.262916188,Pierpoint Meadow,500,4,99.87448772
342,1,class,Palustrine Emergent Wetland,15,pland,0.774082569,Pierpoint Meadow,1000,4,99.98915418
343,1,class,Palustrine Emergent Wetland,15,pland,0.484014775,Pierpoint Meadow,1500,4,100.0273763
344,1,class,Palustrine Emergent Wetland,15,pland,1.154370115,Pierpoint Meadow,2000,4,99.95332091
345,1,class,Palustrine Emergent Wetland,15,pland,1.141730478,Pierpoint Meadow,2500,4,100.0304341
346,1,class,Palustrine Emergent Wetland,15,pland,1.471571906,Pierpoint Meadow,3000,4,99.99870972
417,1,class,Palustrine Emergent Wetland,15,pland,0.228832952,Rutland Brook,500,5,100.2184871
418,1,class,Palustrine Emergent Wetland,15,pland,0.373241459,Rutland Brook,1000,5,99.8458211
419,1,class,Palustrine Emergent Wetland,15,pland,0.280076384,Rutland Brook,1500,5,100.0783392
420,1,class,Palustrine Emergent Wetland,15,pland,0.465549348,Rutland Brook,2000,5,100.0608207
421,1,class,Palustrine Emergent Wetland,15,pland,1.133547499,Rutland Brook,2500,5,99.94328759
422,1,class,Palustrine Emergent Wetland,15,pland,1.111217245,Rutland Brook,3000,5,100.0369319
510,1,class,Palustrine Emergent Wetland,15,pland,1.031518625,Cooks Canyon,1000,6,100.0464874
511,1,class,Palustrine Emergent Wetland,15,pland,1.464781556,Cooks Canyon,1500,6,100.0273763
512,1,class,Palustrine Emergent Wetland,15,pland,1.175458716,Cooks Canyon,2000,6,99.98915418
513,1,class,Palustrine Emergent Wetland,15,pland,0.866773676,Cooks Canyon,2500,6,100.0120875
514,1,class,Palustrine Emergent Wetland,15,pland,0.710236321,Cooks Canyon,3000,6,100.0082653
599,1,class,Palustrine Emergent Wetland,15,pland,8.018327606,Eagle Lake,500,7,100.1038206
600,1,class,Palustrine Emergent Wetland,15,pland,4.554568891,Eagle Lake,1000,7,100.075154
601,1,class,Palustrine Emergent Wetland,15,pland,2.764683399,Eagle Lake,1500,7,100.0018949
602,1,class,Palustrine Emergent Wetland,15,pland,2.279569892,Eagle Lake,2000,7,99.97482087
603,1,class,Palustrine Emergent Wetland,15,pland,1.843444765,Eagle Lake,2500,7,100.0212608
604,1,class,Palustrine Emergent Wetland,15,pland,1.509938838,Eagle Lake,3000,7,99.98915418
689,1,class,Palustrine Emergent Wetland,15,pland,1.05926138,Wachusett Meadow,1000,8,100.1324873
690,1,class,Palustrine Emergent Wetland,15,pland,0.713921469,Wachusett Meadow,1500,8,99.93819131
691,1,class,Palustrine Emergent Wetland,15,pland,0.630824373,Wachusett Meadow,2000,8,99.97482087
692,1,class,Palustrine Emergent Wetland,15,pland,0.454045129,Wachusett Meadow,2500,8,100.0075008
693,1,class,Palustrine Emergent Wetland,15,pland,0.506466204,Wachusett Meadow,3000,8,99.99552454
778,1,class,Palustrine Emergent Wetland,15,pland,0.114942529,Lake Wampanoag,500,9,99.75982125
779,1,class,Palustrine Emergent Wetland,15,pland,0.889271371,Lake Wampanoag,1000,9,99.93182095
780,1,class,Palustrine Emergent Wetland,15,pland,0.548049962,Lake Wampanoag,1500,9,99.96367274
781,1,class,Palustrine Emergent Wetland,15,pland,0.673786825,Lake Wampanoag,2000,9,99.98198752
782,1,class,Palustrine Emergent Wetland,15,pland,0.609951846,Lake Wampanoag,2500,9,100.0120875
783,1,class,Palustrine Emergent Wetland,15,pland,0.646764584,Lake Wampanoag,3000,9,99.97322828
867,1,class,Palustrine Emergent Wetland,15,pland,0.057388809,Flat Rocks,1000,10,99.90315433
868,1,class,Palustrine Emergent Wetland,15,pland,0.114576703,Flat Rocks,1500,10,100.0783392
869,1,class,Palustrine Emergent Wetland,15,pland,0.143245953,Flat Rocks,2000,10,100.0608207
870,1,class,Palustrine Emergent Wetland,15,pland,0.169826043,Flat Rocks,2500,10,99.92952762
871,1,class,Palustrine Emergent Wetland,15,pland,0.14328016,Flat Rocks,3000,10,100.0369319
961,1,class,Palustrine Emergent Wetland,15,pland,0.143307538,Lincoln Woods,1000,11,100.0178208
962,1,class,Palustrine Emergent Wetland,15,pland,0.229416263,Lincoln Woods,1500,11,99.96367274
963,1,class,Palustrine Emergent Wetland,15,pland,0.322488175,Lincoln Woods,2000,11,100.0034875
964,1,class,Palustrine Emergent Wetland,15,pland,0.394368781,Lincoln Woods,2500,11,100.0212608
965,1,class,Palustrine Emergent Wetland,15,pland,0.420569681,Lincoln Woods,3000,11,99.9700431
54,1,class,Palustrine Forested Wetland,13,pland,12.18390805,Leadmine Mountain,500,1,99.75982125
55,1,class,Palustrine Forested Wetland,13,pland,11.12385321,Leadmine Mountain,1000,1,99.98915418
56,1,class,Palustrine Forested Wetland,13,pland,9.171974522,Leadmine Mountain,1500,1,100.0146356
57,1,class,Palustrine Forested Wetland,13,pland,6.915579762,Leadmine Mountain,2000,1,100.0034875
58,1,class,Palustrine Forested Wetland,13,pland,6.717718269,Leadmine Mountain,2500,1,100.0258474
59,1,class,Palustrine Forested Wetland,13,pland,6.523055352,Leadmine Mountain,3000,1,99.9541172
142,1,class,Palustrine Forested Wetland,13,pland,8.840413318,Braod Meadow Brook,500,2,99.87448772
143,1,class,Palustrine Forested Wetland,13,pland,5.96159358,Braod Meadow Brook,1000,2,100.0178208
144,1,class,Palustrine Forested Wetland,13,pland,5.863607393,Braod Meadow Brook,1500,2,99.95093202
145,1,class,Palustrine Forested Wetland,13,pland,4.673165138,Braod Meadow Brook,2000,2,99.98915418
146,1,class,Palustrine Forested Wetland,13,pland,3.498876508,Braod Meadow Brook,2500,2,100.0212608
147,1,class,Palustrine Forested Wetland,13,pland,3.838679876,Braod Meadow Brook,3000,2,99.985969
232,1,class,Palustrine Forested Wetland,13,pland,9.781357883,Burncoat Pond,500,3,99.64515479
233,1,class,Palustrine Forested Wetland,13,pland,11.97364652,Burncoat Pond,1000,3,100.075154
234,1,class,Palustrine Forested Wetland,13,pland,12.05601528,Burncoat Pond,1500,3,100.0783392
235,1,class,Palustrine Forested Wetland,13,pland,11.5483871,Burncoat Pond,2000,3,99.97482087
236,1,class,Palustrine Forested Wetland,13,pland,10.47418142,Burncoat Pond,2500,3,100.0166741
237,1,class,Palustrine Forested Wetland,13,pland,9.119286511,Burncoat Pond,3000,3,99.99870972
329,1,class,Palustrine Forested Wetland,13,pland,7.462686567,Pierpoint Meadow,500,4,99.87448772
330,1,class,Palustrine Forested Wetland,13,pland,5.217889908,Pierpoint Meadow,1000,4,99.98915418
331,1,class,Palustrine Forested Wetland,13,pland,7.298433321,Pierpoint Meadow,1500,4,100.0273763
332,1,class,Palustrine Forested Wetland,13,pland,7.980210798,Pierpoint Meadow,2000,4,99.95332091
333,1,class,Palustrine Forested Wetland,13,pland,7.322664955,Pierpoint Meadow,2500,4,100.0304341
334,1,class,Palustrine Forested Wetland,13,pland,7.520305781,Pierpoint Meadow,3000,4,99.99870972
405,1,class,Palustrine Forested Wetland,13,pland,0.915331808,Rutland Brook,500,5,100.2184871
406,1,class,Palustrine Forested Wetland,13,pland,4.134366925,Rutland Brook,1000,5,99.8458211
407,1,class,Palustrine Forested Wetland,13,pland,3.921069383,Rutland Brook,1500,5,100.0783392
408,1,class,Palustrine Forested Wetland,13,pland,6.345795731,Rutland Brook,2000,5,100.0608207
409,1,class,Palustrine Forested Wetland,13,pland,6.782927949,Rutland Brook,2500,5,99.94328759
410,1,class,Palustrine Forested Wetland,13,pland,7.078039927,Rutland Brook,3000,5,100.0369319
499,1,class,Palustrine Forested Wetland,13,pland,1.722158439,Cooks Canyon,500,6,99.87448772
500,1,class,Palustrine Forested Wetland,13,pland,6.389684814,Cooks Canyon,1000,6,100.0464874
501,1,class,Palustrine Forested Wetland,13,pland,7.323907782,Cooks Canyon,1500,6,100.0273763
502,1,class,Palustrine Forested Wetland,13,pland,6.092316514,Cooks Canyon,2000,6,99.98915418
503,1,class,Palustrine Forested Wetland,13,pland,5.576702591,Cooks Canyon,2500,6,100.0120875
504,1,class,Palustrine Forested Wetland,13,pland,6.752022422,Cooks Canyon,3000,6,100.0082653
588,1,class,Palustrine Forested Wetland,13,pland,16.6093929,Eagle Lake,500,7,100.1038206
589,1,class,Palustrine Forested Wetland,13,pland,12.34603266,Eagle Lake,1000,7,100.075154
590,1,class,Palustrine Forested Wetland,13,pland,8.994776405,Eagle Lake,1500,7,100.0018949
591,1,class,Palustrine Forested Wetland,13,pland,9.297491039,Eagle Lake,2000,7,99.97482087
592,1,class,Palustrine Forested Wetland,13,pland,8.309258495,Eagle Lake,2500,7,100.0212608
593,1,class,Palustrine Forested Wetland,13,pland,7.839576962,Eagle Lake,3000,7,99.98915418
678,1,class,Palustrine Forested Wetland,13,pland,5.510907003,Wachusett Meadow,500,8,99.87448772
679,1,class,Palustrine Forested Wetland,13,pland,9.533352419,Wachusett Meadow,1000,8,100.1324873
680,1,class,Palustrine Forested Wetland,13,pland,9.382967874,Wachusett Meadow,1500,8,99.93819131
681,1,class,Palustrine Forested Wetland,13,pland,11.19713262,Wachusett Meadow,2000,8,99.97482087
682,1,class,Palustrine Forested Wetland,13,pland,11.69968813,Wachusett Meadow,2500,8,100.0075008
683,1,class,Palustrine Forested Wetland,13,pland,11.5786456,Wachusett Meadow,3000,8,99.99552454
766,1,class,Palustrine Forested Wetland,13,pland,2.873563218,Lake Wampanoag,500,9,99.75982125
767,1,class,Palustrine Forested Wetland,13,pland,6.540447504,Lake Wampanoag,1000,9,99.93182095
768,1,class,Palustrine Forested Wetland,13,pland,8.513892429,Lake Wampanoag,1500,9,99.96367274
769,1,class,Palustrine Forested Wetland,13,pland,7.382983299,Lake Wampanoag,2000,9,99.98198752
770,1,class,Palustrine Forested Wetland,13,pland,7.534969044,Lake Wampanoag,2500,9,100.0120875
771,1,class,Palustrine Forested Wetland,13,pland,7.222735527,Lake Wampanoag,3000,9,99.97322828
855,1,class,Palustrine Forested Wetland,13,pland,0.343249428,Flat Rocks,500,10,100.2184871
856,1,class,Palustrine Forested Wetland,13,pland,1.205164993,Flat Rocks,1000,10,99.90315433
857,1,class,Palustrine Forested Wetland,13,pland,1.540420115,Flat Rocks,1500,10,100.0783392
858,1,class,Palustrine Forested Wetland,13,pland,1.525569403,Flat Rocks,2000,10,100.0608207
859,1,class,Palustrine Forested Wetland,13,pland,1.661541286,Flat Rocks,2500,10,99.92952762
860,1,class,Palustrine Forested Wetland,13,pland,1.824434043,Flat Rocks,3000,10,100.0369319
950,1,class,Palustrine Forested Wetland,13,pland,1.264367816,Lincoln Woods,500,11,99.75982125
951,1,class,Palustrine Forested Wetland,13,pland,4.872456291,Lincoln Woods,1000,11,100.0178208
952,1,class,Palustrine Forested Wetland,13,pland,4.193219475,Lincoln Woods,1500,11,99.96367274
953,1,class,Palustrine Forested Wetland,13,pland,3.633366777,Lincoln Woods,2000,11,100.0034875
954,1,class,Palustrine Forested Wetland,13,pland,4.443527308,Lincoln Woods,2500,11,100.0212608
955,1,class,Palustrine Forested Wetland,13,pland,4.664500096,Lincoln Woods,3000,11,99.9700431
60,1,class,Palustrine Scrub/Shrub Wetland,14,pland,0.05733945,Leadmine Mountain,1000,1,99.98915418
61,1,class,Palustrine Scrub/Shrub Wetland,14,pland,0.152866242,Leadmine Mountain,1500,1,100.0146356
62,1,class,Palustrine Scrub/Shrub Wetland,14,pland,0.150494482,Leadmine Mountain,2000,1,100.0034875
63,1,class,Palustrine Scrub/Shrub Wetland,14,pland,0.380594277,Leadmine Mountain,2500,1,100.0258474
64,1,class,Palustrine Scrub/Shrub Wetland,14,pland,0.640514961,Leadmine Mountain,3000,1,99.9541172
148,1,class,Palustrine Scrub/Shrub Wetland,14,pland,1.605044425,Braod Meadow Brook,1000,2,100.0178208
149,1,class,Palustrine Scrub/Shrub Wetland,14,pland,2.192479286,Braod Meadow Brook,1500,2,99.95093202
150,1,class,Palustrine Scrub/Shrub Wetland,14,pland,1.913704128,Braod Meadow Brook,2000,2,99.98915418
151,1,class,Palustrine Scrub/Shrub Wetland,14,pland,1.389462099,Braod Meadow Brook,2500,2,100.0212608
152,1,class,Palustrine Scrub/Shrub Wetland,14,pland,1.299735593,Braod Meadow Brook,3000,2,99.985969
238,1,class,Palustrine Scrub/Shrub Wetland,14,pland,0.690448792,Burncoat Pond,500,3,99.64515479
239,1,class,Palustrine Scrub/Shrub Wetland,14,pland,2.17702664,Burncoat Pond,1000,3,100.075154
240,1,class,Palustrine Scrub/Shrub Wetland,14,pland,1.298535964,Burncoat Pond,1500,3,100.0783392
241,1,class,Palustrine Scrub/Shrub Wetland,14,pland,1.892473118,Burncoat Pond,2000,3,99.97482087
242,1,class,Palustrine Scrub/Shrub Wetland,14,pland,2.994588645,Burncoat Pond,2500,3,100.0166741
243,1,class,Palustrine Scrub/Shrub Wetland,14,pland,2.720178372,Burncoat Pond,3000,3,99.99870972
335,1,class,Palustrine Scrub/Shrub Wetland,14,pland,0.918484501,Pierpoint Meadow,500,4,99.87448772
336,1,class,Palustrine Scrub/Shrub Wetland,14,pland,0.917431193,Pierpoint Meadow,1000,4,99.98915418
337,1,class,Palustrine Scrub/Shrub Wetland,14,pland,0.929817858,Pierpoint Meadow,1500,4,100.0273763
338,1,class,Palustrine Scrub/Shrub Wetland,14,pland,1.218900122,Pierpoint Meadow,2000,4,99.95332091
339,1,class,Palustrine Scrub/Shrub Wetland,14,pland,1.311385208,Pierpoint Meadow,2500,4,100.0304341
340,1,class,Palustrine Scrub/Shrub Wetland,14,pland,2.102245581,Pierpoint Meadow,3000,4,99.99870972
411,1,class,Palustrine Scrub/Shrub Wetland,14,pland,4.118993135,Rutland Brook,500,5,100.2184871
412,1,class,Palustrine Scrub/Shrub Wetland,14,pland,1.579098478,Rutland Brook,1000,5,99.8458211
413,1,class,Palustrine Scrub/Shrub Wetland,14,pland,1.222151496,Rutland Brook,1500,5,100.0783392
414,1,class,Palustrine Scrub/Shrub Wetland,14,pland,1.332187366,Rutland Brook,2000,5,100.0608207
415,1,class,Palustrine Scrub/Shrub Wetland,14,pland,2.101881597,Rutland Brook,2500,5,99.94328759
416,1,class,Palustrine Scrub/Shrub Wetland,14,pland,2.117362371,Rutland Brook,3000,5,100.0369319
505,1,class,Palustrine Scrub/Shrub Wetland,14,pland,2.550143266,Cooks Canyon,1000,6,100.0464874
506,1,class,Palustrine Scrub/Shrub Wetland,14,pland,1.897847408,Cooks Canyon,1500,6,100.0273763
507,1,class,Palustrine Scrub/Shrub Wetland,14,pland,2.064220183,Cooks Canyon,2000,6,99.98915418
508,1,class,Palustrine Scrub/Shrub Wetland,14,pland,1.637239165,Cooks Canyon,2500,6,100.0120875
509,1,class,Palustrine Scrub/Shrub Wetland,14,pland,1.359959233,Cooks Canyon,3000,6,100.0082653
594,1,class,Palustrine Scrub/Shrub Wetland,14,pland,1.031223145,Eagle Lake,1000,7,100.075154
595,1,class,Palustrine Scrub/Shrub Wetland,14,pland,0.917314308,Eagle Lake,1500,7,100.0018949
596,1,class,Palustrine Scrub/Shrub Wetland,14,pland,1.720430108,Eagle Lake,2000,7,99.97482087
597,1,class,Palustrine Scrub/Shrub Wetland,14,pland,1.682945843,Eagle Lake,2500,7,100.0212608
598,1,class,Palustrine Scrub/Shrub Wetland,14,pland,1.392074414,Eagle Lake,3000,7,99.98915418
684,1,class,Palustrine Scrub/Shrub Wetland,14,pland,1.431434297,Wachusett Meadow,1000,8,100.1324873
685,1,class,Palustrine Scrub/Shrub Wetland,14,pland,1.657317695,Wachusett Meadow,1500,8,99.93819131
686,1,class,Palustrine Scrub/Shrub Wetland,14,pland,1.913978495,Wachusett Meadow,2000,8,99.97482087
687,1,class,Palustrine Scrub/Shrub Wetland,14,pland,2.073014126,Wachusett Meadow,2500,8,100.0075008
688,1,class,Palustrine Scrub/Shrub Wetland,14,pland,2.089571256,Wachusett Meadow,3000,8,99.99552454
772,1,class,Palustrine Scrub/Shrub Wetland,14,pland,1.83908046,Lake Wampanoag,500,9,99.75982125
773,1,class,Palustrine Scrub/Shrub Wetland,14,pland,1.520367183,Lake Wampanoag,1000,9,99.93182095
774,1,class,Palustrine Scrub/Shrub Wetland,14,pland,2.306907979,Lake Wampanoag,1500,9,99.96367274
775,1,class,Palustrine Scrub/Shrub Wetland,14,pland,2.601964017,Lake Wampanoag,2000,9,99.98198752
776,1,class,Palustrine Scrub/Shrub Wetland,14,pland,2.224260491,Lake Wampanoag,2500,9,100.0120875
777,1,class,Palustrine Scrub/Shrub Wetland,14,pland,2.803708542,Lake Wampanoag,3000,9,99.97322828
861,1,class,Palustrine Scrub/Shrub Wetland,14,pland,0.686498856,Flat Rocks,500,10,100.2184871
862,1,class,Palustrine Scrub/Shrub Wetland,14,pland,0.516499283,Flat Rocks,1000,10,99.90315433
863,1,class,Palustrine Scrub/Shrub Wetland,14,pland,0.636537237,Flat Rocks,1500,10,100.0783392
864,1,class,Palustrine Scrub/Shrub Wetland,14,pland,0.701905171,Flat Rocks,2000,10,100.0608207
865,1,class,Palustrine Scrub/Shrub Wetland,14,pland,0.491118557,Flat Rocks,2500,10,99.92952762
866,1,class,Palustrine Scrub/Shrub Wetland,14,pland,0.423472474,Flat Rocks,3000,10,100.0369319
956,1,class,Palustrine Scrub/Shrub Wetland,14,pland,1.404413872,Lincoln Woods,1000,11,100.0178208
957,1,class,Palustrine Scrub/Shrub Wetland,14,pland,1.42747897,Lincoln Woods,1500,11,99.96367274
958,1,class,Palustrine Scrub/Shrub Wetland,14,pland,0.938798911,Lincoln Woods,2000,11,100.0034875
959,1,class,Palustrine Scrub/Shrub Wetland,14,pland,1.380290732,Lincoln Woods,2500,11,100.0212608
960,1,class,Palustrine Scrub/Shrub Wetland,14,pland,1.347734659,Lincoln Woods,3000,11,99.9700431
23,1,class,Pasture/Hay,7,pland,1.232798165,Leadmine Mountain,1000,1,99.98915418
24,1,class,Pasture/Hay,7,pland,1.197452229,Leadmine Mountain,1500,1,100.0146356
25,1,class,Pasture/Hay,7,pland,1.440447184,Leadmine Mountain,2000,1,100.0034875
26,1,class,Pasture/Hay,7,pland,2.29273661,Leadmine Mountain,2500,1,100.0258474
27,1,class,Pasture/Hay,7,pland,2.689525509,Leadmine Mountain,3000,1,99.9541172
109,1,class,Pasture/Hay,7,pland,0.127469726,Braod Meadow Brook,1500,2,99.95093202
110,1,class,Pasture/Hay,7,pland,0.222190367,Braod Meadow Brook,2000,2,99.98915418
111,1,class,Pasture/Hay,7,pland,0.660338423,Braod Meadow Brook,2500,2,100.0212608
112,1,class,Pasture/Hay,7,pland,0.907903539,Braod Meadow Brook,3000,2,99.985969
197,1,class,Pasture/Hay,7,pland,5.408515535,Burncoat Pond,500,3,99.64515479
198,1,class,Pasture/Hay,7,pland,7.419077628,Burncoat Pond,1000,3,100.075154
199,1,class,Pasture/Hay,7,pland,10.23551878,Burncoat Pond,1500,3,100.0783392
200,1,class,Pasture/Hay,7,pland,9.935483871,Burncoat Pond,2000,3,99.97482087
201,1,class,Pasture/Hay,7,pland,8.199578098,Burncoat Pond,2500,3,100.0166741
202,1,class,Pasture/Hay,7,pland,7.431119605,Burncoat Pond,3000,3,99.99870972
293,1,class,Pasture/Hay,7,pland,14.46613088,Pierpoint Meadow,500,4,99.87448772
294,1,class,Pasture/Hay,7,pland,11.32454128,Pierpoint Meadow,1000,4,99.98915418
295,1,class,Pasture/Hay,7,pland,8.39383518,Pierpoint Meadow,1500,4,100.0273763
296,1,class,Pasture/Hay,7,pland,6.668100667,Pierpoint Meadow,2000,4,99.95332091
297,1,class,Pasture/Hay,7,pland,7.859140722,Pierpoint Meadow,2500,4,100.0304341
298,1,class,Pasture/Hay,7,pland,8.386685778,Pierpoint Meadow,3000,4,99.99870972
372,1,class,Pasture/Hay,7,pland,0.258397933,Rutland Brook,1000,5,99.8458211
373,1,class,Pasture/Hay,7,pland,1.298535964,Rutland Brook,1500,5,100.0783392
374,1,class,Pasture/Hay,7,pland,1.991118751,Rutland Brook,2000,5,100.0608207
375,1,class,Pasture/Hay,7,pland,3.896282698,Rutland Brook,2500,5,99.94328759
376,1,class,Pasture/Hay,7,pland,5.218581845,Rutland Brook,3000,5,100.0369319
463,1,class,Pasture/Hay,7,pland,12.51435132,Cooks Canyon,500,6,99.87448772
464,1,class,Pasture/Hay,7,pland,15.07163324,Cooks Canyon,1000,6,100.0464874
465,1,class,Pasture/Hay,7,pland,15.41204942,Cooks Canyon,1500,6,100.0273763
466,1,class,Pasture/Hay,7,pland,17.32368119,Cooks Canyon,2000,6,99.98915418
467,1,class,Pasture/Hay,7,pland,18.90850722,Cooks Canyon,2500,6,100.0120875
468,1,class,Pasture/Hay,7,pland,18.1826868,Cooks Canyon,3000,6,100.0082653
554,1,class,Pasture/Hay,7,pland,1.145803495,Eagle Lake,1000,7,100.075154
555,1,class,Pasture/Hay,7,pland,3.376226271,Eagle Lake,1500,7,100.0018949
556,1,class,Pasture/Hay,7,pland,3.154121864,Eagle Lake,2000,7,99.97482087
557,1,class,Pasture/Hay,7,pland,4.076672628,Eagle Lake,2500,7,100.0212608
558,1,class,Pasture/Hay,7,pland,5.02038736,Eagle Lake,3000,7,99.98915418
643,1,class,Pasture/Hay,7,pland,0.229621125,Wachusett Meadow,500,8,99.87448772
644,1,class,Pasture/Hay,7,pland,6.584597767,Wachusett Meadow,1000,8,100.1324873
645,1,class,Pasture/Hay,7,pland,6.540030597,Wachusett Meadow,1500,8,99.93819131
646,1,class,Pasture/Hay,7,pland,7.125448029,Wachusett Meadow,2000,8,99.97482087
647,1,class,Pasture/Hay,7,pland,6.503393873,Wachusett Meadow,2500,8,100.0075008
648,1,class,Pasture/Hay,7,pland,5.937440275,Wachusett Meadow,3000,8,99.99552454
732,1,class,Pasture/Hay,7,pland,5.517241379,Lake Wampanoag,500,9,99.75982125
733,1,class,Pasture/Hay,7,pland,5.70854848,Lake Wampanoag,1000,9,99.93182095
734,1,class,Pasture/Hay,7,pland,5.021667092,Lake Wampanoag,1500,9,99.96367274
735,1,class,Pasture/Hay,7,pland,4.014049172,Lake Wampanoag,2000,9,99.98198752
736,1,class,Pasture/Hay,7,pland,4.847512039,Lake Wampanoag,2500,9,100.0120875
737,1,class,Pasture/Hay,7,pland,4.696211807,Lake Wampanoag,3000,9,99.97322828
820,1,class,Pasture/Hay,7,pland,2.173913043,Flat Rocks,500,10,100.2184871
821,1,class,Pasture/Hay,7,pland,3.328550933,Flat Rocks,1000,10,99.90315433
822,1,class,Pasture/Hay,7,pland,5.194143857,Flat Rocks,1500,10,100.0783392
823,1,class,Pasture/Hay,7,pland,6.052141527,Flat Rocks,2000,10,100.0608207
824,1,class,Pasture/Hay,7,pland,6.44420985,Flat Rocks,2500,10,99.92952762
825,1,class,Pasture/Hay,7,pland,7.899512847,Flat Rocks,3000,10,100.0369319
914,1,class,Pasture/Hay,7,pland,1.954022989,Lincoln Woods,500,11,99.75982125
915,1,class,Pasture/Hay,7,pland,0.745199197,Lincoln Woods,1000,11,100.0178208
916,1,class,Pasture/Hay,7,pland,0.420596482,Lincoln Woods,1500,11,99.96367274
917,1,class,Pasture/Hay,7,pland,2.53690698,Lincoln Woods,2000,11,100.0034875
918,1,class,Pasture/Hay,7,pland,3.265006649,Lincoln Woods,2500,11,100.0212608
919,1,class,Pasture/Hay,7,pland,3.23073982,Lincoln Woods,3000,11,99.9700431
49,1,class,Scrub/Shrub,12,pland,0.172018349,Leadmine Mountain,1000,1,99.98915418
50,1,class,Scrub/Shrub,12,pland,0.178343949,Leadmine Mountain,1500,1,100.0146356
51,1,class,Scrub/Shrub,12,pland,0.472982657,Leadmine Mountain,2000,1,100.0034875
52,1,class,Scrub/Shrub,12,pland,0.664893617,Leadmine Mountain,2500,1,100.0258474
53,1,class,Scrub/Shrub,12,pland,1.003792104,Leadmine Mountain,3000,1,99.9541172
136,1,class,Scrub/Shrub,12,pland,6.773823192,Braod Meadow Brook,500,2,99.87448772
137,1,class,Scrub/Shrub,12,pland,3.496703927,Braod Meadow Brook,1000,2,100.0178208
138,1,class,Scrub/Shrub,12,pland,2.625876354,Braod Meadow Brook,1500,2,99.95093202
139,1,class,Scrub/Shrub,12,pland,2.307912844,Braod Meadow Brook,2000,2,99.98915418
140,1,class,Scrub/Shrub,12,pland,1.852616132,Braod Meadow Brook,2500,2,100.0212608
141,1,class,Scrub/Shrub,12,pland,1.573699468,Braod Meadow Brook,3000,2,99.985969
227,1,class,Scrub/Shrub,12,pland,0.887997708,Burncoat Pond,1000,3,100.075154
228,1,class,Scrub/Shrub,12,pland,0.942075111,Burncoat Pond,1500,3,100.0783392
229,1,class,Scrub/Shrub,12,pland,1.182795699,Burncoat Pond,2000,3,99.97482087
230,1,class,Scrub/Shrub,12,pland,1.229019536,Burncoat Pond,2500,3,100.0166741
231,1,class,Scrub/Shrub,12,pland,1.16260551,Burncoat Pond,3000,3,99.99870972
323,1,class,Scrub/Shrub,12,pland,3.214695752,Pierpoint Meadow,500,4,99.87448772
324,1,class,Scrub/Shrub,12,pland,3.927752294,Pierpoint Meadow,1000,4,99.98915418
325,1,class,Scrub/Shrub,12,pland,3.311680041,Pierpoint Meadow,1500,4,100.0273763
326,1,class,Scrub/Shrub,12,pland,2.394780239,Pierpoint Meadow,2000,4,99.95332091
327,1,class,Scrub/Shrub,12,pland,2.434774634,Pierpoint Meadow,2500,4,100.0304341
328,1,class,Scrub/Shrub,12,pland,2.634177417,Pierpoint Meadow,3000,4,99.99870972
399,1,class,Scrub/Shrub,12,pland,0.228832952,Rutland Brook,500,5,100.2184871
400,1,class,Scrub/Shrub,12,pland,0.229687051,Rutland Brook,1000,5,99.8458211
401,1,class,Scrub/Shrub,12,pland,0.305537874,Rutland Brook,1500,5,100.0783392
402,1,class,Scrub/Shrub,12,pland,0.3079788,Rutland Brook,2000,5,100.0608207
403,1,class,Scrub/Shrub,12,pland,0.376319413,Rutland Brook,2500,5,99.94328759
404,1,class,Scrub/Shrub,12,pland,0.382080428,Rutland Brook,3000,5,100.0369319
493,1,class,Scrub/Shrub,12,pland,0.344431688,Cooks Canyon,500,6,99.87448772
494,1,class,Scrub/Shrub,12,pland,1.747851003,Cooks Canyon,1000,6,100.0464874
495,1,class,Scrub/Shrub,12,pland,2.407336645,Cooks Canyon,1500,6,100.0273763
496,1,class,Scrub/Shrub,12,pland,1.98537844,Cooks Canyon,2000,6,99.98915418
497,1,class,Scrub/Shrub,12,pland,1.802338913,Cooks Canyon,2500,6,100.0120875
498,1,class,Scrub/Shrub,12,pland,1.573348621,Cooks Canyon,3000,6,100.0082653
583,1,class,Scrub/Shrub,12,pland,0.887997708,Eagle Lake,1000,7,100.075154
584,1,class,Scrub/Shrub,12,pland,1.082940502,Eagle Lake,1500,7,100.0018949
585,1,class,Scrub/Shrub,12,pland,1.146953405,Eagle Lake,2000,7,99.97482087
586,1,class,Scrub/Shrub,12,pland,1.439904618,Eagle Lake,2500,7,100.0212608
587,1,class,Scrub/Shrub,12,pland,1.685142712,Eagle Lake,3000,7,99.98915418
672,1,class,Scrub/Shrub,12,pland,0.803673938,Wachusett Meadow,500,8,99.87448772
673,1,class,Scrub/Shrub,12,pland,0.658459777,Wachusett Meadow,1000,8,100.1324873
674,1,class,Scrub/Shrub,12,pland,0.726670066,Wachusett Meadow,1500,8,99.93819131
675,1,class,Scrub/Shrub,12,pland,0.594982079,Wachusett Meadow,2000,8,99.97482087
676,1,class,Scrub/Shrub,12,pland,0.834709228,Wachusett Meadow,2500,8,100.0075008
677,1,class,Scrub/Shrub,12,pland,0.732624068,Wachusett Meadow,3000,8,99.99552454
760,1,class,Scrub/Shrub,12,pland,0.114942529,Lake Wampanoag,500,9,99.75982125
761,1,class,Scrub/Shrub,12,pland,0.602409639,Lake Wampanoag,1000,9,99.93182095
762,1,class,Scrub/Shrub,12,pland,1.019627836,Lake Wampanoag,1500,9,99.96367274
763,1,class,Scrub/Shrub,12,pland,1.010680238,Lake Wampanoag,2000,9,99.98198752
764,1,class,Scrub/Shrub,12,pland,0.930979133,Lake Wampanoag,2500,9,100.0120875
765,1,class,Scrub/Shrub,12,pland,1.048204671,Lake Wampanoag,3000,9,99.97322828
849,1,class,Scrub/Shrub,12,pland,0.114416476,Flat Rocks,500,10,100.2184871
850,1,class,Scrub/Shrub,12,pland,0.430416069,Flat Rocks,1000,10,99.90315433
851,1,class,Scrub/Shrub,12,pland,0.712921706,Flat Rocks,1500,10,100.0783392
852,1,class,Scrub/Shrub,12,pland,0.880962613,Flat Rocks,2000,10,100.0608207
853,1,class,Scrub/Shrub,12,pland,0.9914169,Flat Rocks,2500,10,99.92952762
854,1,class,Scrub/Shrub,12,pland,0.920177031,Flat Rocks,3000,10,100.0369319
944,1,class,Scrub/Shrub,12,pland,1.149425287,Lincoln Woods,500,11,99.75982125
945,1,class,Scrub/Shrub,12,pland,0.458584122,Lincoln Woods,1000,11,100.0178208
946,1,class,Scrub/Shrub,12,pland,0.49706857,Lincoln Woods,1500,11,99.96367274
947,1,class,Scrub/Shrub,12,pland,0.666475563,Lincoln Woods,2000,11,100.0034875
948,1,class,Scrub/Shrub,12,pland,1.357362315,Lincoln Woods,2500,11,100.0212608
949,1,class,Scrub/Shrub,12,pland,1.99451985,Lincoln Woods,3000,11,99.9700431
605,1,class,Unconsolidated Shore,19,pland,0.022928417,Eagle Lake,2500,7,100.0212608
606,1,class,Unconsolidated Shore,19,pland,0.015927625,Eagle Lake,3000,7,99.98915418
